2020-01-01,01:00:00,1
2020-01-01,01:00:01,1
2020-01-01,01:00:02,1
2020-01-01,01:00:03,1
2020-01-01,01:00:04,1
2020-01-01,01:00:05,1
2020-01-01,01:00:06,1
2020-01-01,01:00:08,1
2020-01-01,01:00:09,1
2020-01-01,01:00:11,1
2020-01-01,01:00:14,1
2020-01-01,01:00:17,1
2020-01-01,01:00:20,1
2020-01-01,01:00:24,1
2020-01-01,01:00:28,1
2020-01-01,01:00:33,1
2020-01-01,01:00:38,1
2020-01-01,01:00:44,1
2020-01-01,01:00:49,1
2020-01-01,01:00:56,1
2020-01-01,01:01:02,1
2020-01-01,01:01:09,1
2020-01-01,01:01:16,1
2020-01-01,01:01:25,1
2020-01-01,01:01:37,1
2020-01-01,01:01:54,1
2020-01-01,01:02:08,1
2020-01-01,01:02:22,1
2020-01-01,01:02:36,1
2020-01-01,01:02:49,1
2020-01-01,01:03:08,1
2020-01-01,01:03:32,1
2020-01-01,01:04:03,1
2020-01-01,01:04:35,1
2020-01-01,01:05:14,1
2020-01-01,01:05:54,1
2020-01-01,01:06:34,1
2020-01-01,01:07:23,1
2020-01-01,01:08:12,1
2020-01-01,01:09:02,1
2020-01-01,01:09:51,1
2020-01-01,01:10:12,1
2020-01-01,01:10:33,1
2020-01-01,01:11:17,1
2020-01-01,01:12:01,1
2020-01-01,01:12:45,1
2020-01-01,01:13:29,1
2020-01-01,01:14:14,1
2020-01-01,01:14:58,1
2020-01-01,01:15:42,1
2020-01-01,01:16:26,1
2020-01-01,01:17:10,1
2020-01-01,01:17:54,1
2020-01-01,01:18:39,1
2020-01-01,01:19:23,1
2020-01-01,01:20:07,1
2020-01-01,01:20:51,1
2020-01-01,01:21:35,1
2020-01-01,01:22:19,1
2020-01-01,01:23:04,1
2020-01-01,01:23:48,1
2020-01-01,01:24:32,1
2020-01-01,01:25:16,1
2020-01-01,01:26:00,1
2020-01-01,01:26:44,1
2020-01-01,01:27:29,1
2020-01-01,01:28:13,1
2020-01-01,01:28:57,1
2020-01-01,01:29:41,1
2020-01-01,01:30:25,1
2020-01-01,01:31:09,1
2020-01-01,01:31:54,1
2020-01-01,01:32:38,1
2020-01-01,01:33:22,1
2020-01-01,01:34:06,1
2020-01-01,01:34:50,1
2020-01-01,01:35:34,1
2020-01-01,01:36:19,1
2020-01-01,01:37:03,1
2020-01-01,01:37:47,1
2020-01-01,01:38:31,1
2020-01-01,01:39:15,1
2020-01-01,01:39:59,1
2020-01-01,01:40:44,1
2020-01-01,01:41:28,1
2020-01-01,01:42:12,1
2020-01-01,01:42:56,1
2020-01-01,01:43:40,1
2020-01-01,01:44:24,1
2020-01-01,01:45:09,1
2020-01-01,01:45:53,1
2020-01-01,01:46:37,1
2020-01-01,01:47:21,1
2020-01-01,01:48:05,1
2020-01-01,01:48:49,1
2020-01-01,01:49:34,1
2020-01-01,01:50:18,1
2020-01-01,01:51:02,1
2020-01-01,01:51:46,1
2020-01-01,01:52:30,1
2020-01-01,01:53:15,1
2020-01-01,01:53:59,1
2020-01-01,01:54:43,1
2020-01-01,01:55:27,1
2020-01-01,01:56:11,1
2020-01-01,01:56:55,1
2020-01-01,01:57:40,1
2020-01-01,01:58:24,1
2020-01-01,01:59:08,1
2020-01-01,01:59:52,1
2020-01-01,02:00:00,1
2020-01-01,02:00:01,1
2020-01-01,02:00:02,1
2020-01-01,02:00:03,1
2020-01-01,02:00:04,1
2020-01-01,02:00:05,1
2020-01-01,02:00:06,1
2020-01-01,02:00:07,1
2020-01-01,02:00:08,1
2020-01-01,02:00:09,1
2020-01-01,02:00:10,1
2020-01-01,02:00:11,1
2020-01-01,02:00:12,1
2020-01-01,02:00:13,1
2020-01-01,02:00:14,1
2020-01-01,02:00:15,1
2020-01-01,02:00:16,1
2020-01-01,02:00:17,1
2020-01-01,02:00:18,1
2020-01-01,02:00:19,1
2020-01-01,02:00:20,1
2020-01-01,02:00:21,1
2020-01-01,02:00:22,1
2020-01-01,02:00:23,1
2020-01-01,02:00:24,1
2020-01-01,02:00:25,1
2020-01-01,02:00:26,1
2020-01-01,02:00:27,1
2020-01-01,02:00:28,1
2020-01-01,02:00:29,1
2020-01-01,02:00:30,1
2020-01-01,02:00:31,1
2020-01-01,02:00:32,1
2020-01-01,02:00:33,1
2020-01-01,02:00:34,1
2020-01-01,02:00:35,1
2020-01-01,02:00:36,1
2020-01-01,02:00:37,1
2020-01-01,02:00:38,1
2020-01-01,02:00:39,1
2020-01-01,02:00:40,1
2020-01-01,02:00:41,1
2020-01-01,02:00:42,1
2020-01-01,02:00:43,1
2020-01-01,02:00:44,1
2020-01-01,02:00:45,1
2020-01-01,02:00:46,1
2020-01-01,02:00:47,1
2020-01-01,02:00:48,1
2020-01-01,02:00:49,1
2020-01-01,02:00:50,1
2020-01-01,02:00:51,1
2020-01-01,02:00:52,1
2020-01-01,02:00:53,1
2020-01-01,02:00:54,1
2020-01-01,02:00:55,1
2020-01-01,02:00:56,1
2020-01-01,02:00:57,1
2020-01-01,02:00:58,1
2020-01-01,02:00:59,1
2020-01-01,02:01:00,1
2020-01-01,02:01:01,1
2020-01-01,02:01:02,1
2020-01-01,02:01:03,1
2020-01-01,02:01:04,1
2020-01-01,02:01:05,1
2020-01-01,02:01:06,1
2020-01-01,02:01:07,1
2020-01-01,02:01:08,1
2020-01-01,02:01:09,1
2020-01-01,02:01:10,1
2020-01-01,02:01:11,1
2020-01-01,02:01:12,1
2020-01-01,02:01:13,1
2020-01-01,02:01:14,1
2020-01-01,02:01:15,1
2020-01-01,02:01:16,1
2020-01-01,02:01:17,1
2020-01-01,02:01:18,1
2020-01-01,02:01:19,1
2020-01-01,02:01:20,1
2020-01-01,02:01:21,1
2020-01-01,02:01:22,1
2020-01-01,02:01:23,1
2020-01-01,02:01:24,1
2020-01-01,02:01:25,1
2020-01-01,02:01:26,1
2020-01-01,02:01:27,1
2020-01-01,02:01:28,1
2020-01-01,02:01:29,1
2020-01-01,02:01:30,1
2020-01-01,02:01:31,1
2020-01-01,02:01:32,1
2020-01-01,02:01:33,1
2020-01-01,02:01:34,1
2020-01-01,02:01:35,1
2020-01-01,02:01:36,1
2020-01-01,02:01:37,1
2020-01-01,02:01:38,1
2020-01-01,02:01:39,1
2020-01-01,02:01:40,1
2020-01-01,02:01:41,1
2020-01-01,02:01:42,1
2020-01-01,02:01:43,1
2020-01-01,02:01:44,1
2020-01-01,02:01:45,1
2020-01-01,02:01:46,1
2020-01-01,02:01:47,1
2020-01-01,02:01:48,1
2020-01-01,02:01:49,1
2020-01-01,02:01:50,1
2020-01-01,02:01:51,1
2020-01-01,02:01:52,1
2020-01-01,02:01:53,1
2020-01-01,02:01:54,1
2020-01-01,02:01:55,1
2020-01-01,02:01:56,1
2020-01-01,02:01:57,1
2020-01-01,02:01:58,1
2020-01-01,02:01:59,1
2020-01-01,02:02:00,1
2020-01-01,02:02:01,1
2020-01-01,02:02:02,1
2020-01-01,02:02:03,1
2020-01-01,02:02:04,1
2020-01-01,02:02:05,1
2020-01-01,02:02:06,1
2020-01-01,02:02:07,1
2020-01-01,02:02:08,1
2020-01-01,02:02:09,1
2020-01-01,02:02:10,1
2020-01-01,02:02:11,1
2020-01-01,02:02:12,1
2020-01-01,02:02:13,1
2020-01-01,02:02:14,1
2020-01-01,02:02:15,1
2020-01-01,02:02:16,1
2020-01-01,02:02:17,1
2020-01-01,02:02:18,1
2020-01-01,02:02:20,1
2020-01-01,02:02:21,1
2020-01-01,02:02:22,1
2020-01-01,02:02:23,1
2020-01-01,02:02:24,1
2020-01-01,02:02:26,1
2020-01-01,02:02:27,1
2020-01-01,02:02:28,1
2020-01-01,02:02:29,1
2020-01-01,02:02:30,1
2020-01-01,02:02:31,1
2020-01-01,02:02:33,1
2020-01-01,02:02:34,1
2020-01-01,02:02:35,1
2020-01-01,02:02:36,1
2020-01-01,02:02:37,1
2020-01-01,02:02:39,1
2020-01-01,02:02:40,1
2020-01-01,02:02:41,1
2020-01-01,02:02:42,1
2020-01-01,02:02:43,1
2020-01-01,02:02:45,1
2020-01-01,02:02:46,1
2020-01-01,02:02:47,1
2020-01-01,02:02:48,1
2020-01-01,02:02:49,1
2020-01-01,02:02:50,1
2020-01-01,02:02:52,1
2020-01-01,02:02:53,1
2020-01-01,02:02:54,1
2020-01-01,02:02:55,1
2020-01-01,02:02:56,1
2020-01-01,02:02:58,1
2020-01-01,02:02:59,1
2020-01-01,02:03:00,1
2020-01-01,02:03:01,1
2020-01-01,02:03:02,1
2020-01-01,02:03:04,1
2020-01-01,02:03:05,1
2020-01-01,02:03:06,1
2020-01-01,02:03:07,1
2020-01-01,02:03:09,1
2020-01-01,02:03:10,1
2020-01-01,02:03:11,1
2020-01-01,02:03:13,1
2020-01-01,02:03:14,1
2020-01-01,02:03:16,1
2020-01-01,02:03:17,1
2020-01-01,02:03:19,1
2020-01-01,02:03:20,1
2020-01-01,02:03:21,1
2020-01-01,02:03:23,1
2020-01-01,02:03:24,1
2020-01-01,02:03:26,1
2020-01-01,02:03:27,1
2020-01-01,02:03:28,1
2020-01-01,02:03:30,1
2020-01-01,02:03:31,1
2020-01-01,02:03:33,1
2020-01-01,02:03:34,1
2020-01-01,02:03:36,1
2020-01-01,02:03:37,1
2020-01-01,02:03:38,1
2020-01-01,02:03:40,1
2020-01-01,02:03:41,1
2020-01-01,02:03:43,1
2020-01-01,02:03:44,1
2020-01-01,02:03:46,1
2020-01-01,02:03:47,1
2020-01-01,02:03:48,1
2020-01-01,02:03:50,1
2020-01-01,02:03:51,1
2020-01-01,02:03:53,1
2020-01-01,02:03:54,1
2020-01-01,02:03:56,1
2020-01-01,02:03:57,1
2020-01-01,02:03:58,1
2020-01-01,02:04:00,1
2020-01-01,02:04:02,1
2020-01-01,02:04:03,1
2020-01-01,02:04:05,1
2020-01-01,02:04:07,1
2020-01-01,02:04:08,1
2020-01-01,02:04:10,1
2020-01-01,02:04:12,1
2020-01-01,02:04:14,1
2020-01-01,02:04:15,1
2020-01-01,02:04:17,1
2020-01-01,02:04:19,1
2020-01-01,02:04:20,1
2020-01-01,02:04:22,1
2020-01-01,02:04:24,1
2020-01-01,02:04:26,1
2020-01-01,02:04:27,1
2020-01-01,02:04:29,1
2020-01-01,02:04:31,1
2020-01-01,02:04:32,1
2020-01-01,02:04:34,1
2020-01-01,02:04:36,1
2020-01-01,02:04:37,1
2020-01-01,02:04:39,1
2020-01-01,02:04:41,1
2020-01-01,02:04:43,1
2020-01-01,02:04:44,1
2020-01-01,02:04:46,1
2020-01-01,02:04:48,1
2020-01-01,02:04:49,1
2020-01-01,02:04:51,1
2020-01-01,02:04:53,1
2020-01-01,02:04:55,1
2020-01-01,02:04:56,1
2020-01-01,02:04:58,1
2020-01-01,02:05:00,1
2020-01-01,02:05:02,1
2020-01-01,02:05:04,1
2020-01-01,02:05:06,1
2020-01-01,02:05:08,1
2020-01-01,02:05:10,1
2020-01-01,02:05:12,1
2020-01-01,02:05:14,1
2020-01-01,02:05:16,1
2020-01-01,02:05:19,1
2020-01-01,02:05:21,1
2020-01-01,02:05:23,1
2020-01-01,02:05:25,1
2020-01-01,02:05:27,1
2020-01-01,02:05:29,1
2020-01-01,02:05:31,1
2020-01-01,02:05:33,1
2020-01-01,02:05:35,1
2020-01-01,02:05:37,1
2020-01-01,02:05:39,1
2020-01-01,02:05:41,1
2020-01-01,02:05:43,1
2020-01-01,02:05:45,1
2020-01-01,02:05:47,1
2020-01-01,02:05:49,1
2020-01-01,02:05:51,1
2020-01-01,02:05:53,1
2020-01-01,02:05:55,1
2020-01-01,02:05:58,1
2020-01-01,02:06:00,1
2020-01-01,02:06:02,1
2020-01-01,02:06:04,1
2020-01-01,02:06:06,1
2020-01-01,02:06:08,1
2020-01-01,02:06:10,1
2020-01-01,02:06:12,1
2020-01-01,02:06:14,1
2020-01-01,02:06:17,1
2020-01-01,02:06:19,1
2020-01-01,02:06:22,1
2020-01-01,02:06:24,1
2020-01-01,02:06:27,1
2020-01-01,02:06:29,1
2020-01-01,02:06:32,1
2020-01-01,02:06:34,1
2020-01-01,02:06:37,1
2020-01-01,02:06:39,1
2020-01-01,02:06:41,1
2020-01-01,02:06:44,1
2020-01-01,02:06:46,1
2020-01-01,02:06:49,1
2020-01-01,02:06:51,1
2020-01-01,02:06:54,1
2020-01-01,02:06:56,1
2020-01-01,02:06:59,1
2020-01-01,02:07:01,1
2020-01-01,02:07:04,1
2020-01-01,02:07:06,1
2020-01-01,02:07:09,1
2020-01-01,02:07:11,1
2020-01-01,02:07:14,1
2020-01-01,02:07:16,1
2020-01-01,02:07:18,1
2020-01-01,02:07:21,1
2020-01-01,02:07:23,1
2020-01-01,02:07:26,1
2020-01-01,02:07:28,1
2020-01-01,02:07:31,1
2020-01-01,02:07:33,1
2020-01-01,02:07:36,1
2020-01-01,02:07:38,1
2020-01-01,02:07:41,1
2020-01-01,02:07:43,1
2020-01-01,02:07:46,1
2020-01-01,02:07:48,1
2020-01-01,02:07:50,1
2020-01-01,02:07:53,1
2020-01-01,02:07:55,1
2020-01-01,02:07:58,1
2020-01-01,02:08:00,1
2020-01-01,02:08:03,1
2020-01-01,02:08:05,1
2020-01-01,02:08:08,1
2020-01-01,02:08:10,1
2020-01-01,02:08:13,1
2020-01-01,02:08:16,1
2020-01-01,02:08:19,1
2020-01-01,02:08:22,1
2020-01-01,02:08:24,1
2020-01-01,02:08:27,1
2020-01-01,02:08:30,1
2020-01-01,02:08:33,1
2020-01-01,02:08:36,1
2020-01-01,02:08:39,1
2020-01-01,02:08:42,1
2020-01-01,02:08:45,1
2020-01-01,02:08:48,1
2020-01-01,02:08:51,1
2020-01-01,02:08:54,1
2020-01-01,02:08:57,1
2020-01-01,02:09:00,1
2020-01-01,02:09:03,1
2020-01-01,02:09:06,1
2020-01-01,02:09:09,1
2020-01-01,02:09:12,1
2020-01-01,02:09:15,1
2020-01-01,02:09:18,1
2020-01-01,02:09:21,1
2020-01-01,02:09:24,1
2020-01-01,02:09:27,1
2020-01-01,02:09:30,1
2020-01-01,02:09:33,1
2020-01-01,02:09:35,1
2020-01-01,02:09:38,1
2020-01-01,02:09:41,1
2020-01-01,02:09:44,1
2020-01-01,02:09:47,1
2020-01-01,02:09:50,1
2020-01-01,02:09:53,1
2020-01-01,02:09:56,1
2020-01-01,02:09:59,1
2020-01-01,02:10:02,1
2020-01-01,02:10:05,1
2020-01-01,02:10:08,1
2020-01-01,02:10:11,1
2020-01-01,02:10:14,1
2020-01-01,02:10:17,1
2020-01-01,02:10:20,1
2020-01-01,02:10:23,1
2020-01-01,02:10:26,1
2020-01-01,02:10:29,1
2020-01-01,02:10:32,1
2020-01-01,02:10:35,1
2020-01-01,02:10:38,1
2020-01-01,02:10:41,1
2020-01-01,02:10:43,1
2020-01-01,02:10:46,1
2020-01-01,02:10:49,1
2020-01-01,02:10:52,1
2020-01-01,02:10:55,1
2020-01-01,02:10:58,1
2020-01-01,02:11:01,1
2020-01-01,02:11:04,1
2020-01-01,02:11:07,1
2020-01-01,02:11:10,1
2020-01-01,02:11:13,1
2020-01-01,02:11:16,1
2020-01-01,02:11:19,1
2020-01-01,02:11:22,1
2020-01-01,02:11:25,1
2020-01-01,02:11:28,1
2020-01-01,02:11:31,1
2020-01-01,02:11:34,1
2020-01-01,02:11:37,1
2020-01-01,02:11:40,1
2020-01-01,02:11:43,1
2020-01-01,02:11:46,1
2020-01-01,02:11:49,1
2020-01-01,02:11:52,1
2020-01-01,02:11:54,1
2020-01-01,02:11:57,1
2020-01-01,02:12:00,1
2020-01-01,02:12:03,1
2020-01-01,02:12:06,1
2020-01-01,02:12:09,1
2020-01-01,02:12:12,1
2020-01-01,02:12:15,1
2020-01-01,02:12:18,1
2020-01-01,02:12:21,1
2020-01-01,02:12:24,1
2020-01-01,02:12:27,1
2020-01-01,02:12:30,1
2020-01-01,02:12:33,1
2020-01-01,02:12:36,1
2020-01-01,02:12:39,1
2020-01-01,02:12:42,1
2020-01-01,02:12:45,1
2020-01-01,02:12:48,1
2020-01-01,02:12:51,1
2020-01-01,02:12:54,1
2020-01-01,02:12:57,1
2020-01-01,02:13:00,1
2020-01-01,02:13:03,1
2020-01-01,02:13:05,1
2020-01-01,02:13:08,1
2020-01-01,02:13:11,1
2020-01-01,02:13:14,1
2020-01-01,02:13:17,1
2020-01-01,02:13:20,1
2020-01-01,02:13:23,1
2020-01-01,02:13:26,1
2020-01-01,02:13:29,1
2020-01-01,02:13:32,1
2020-01-01,02:13:35,1
2020-01-01,02:13:38,1
2020-01-01,02:13:41,1
2020-01-01,02:13:44,1
2020-01-01,02:13:47,1
2020-01-01,02:13:50,1
2020-01-01,02:13:53,1
2020-01-01,02:13:56,1
2020-01-01,02:13:59,1
2020-01-01,02:14:02,1
2020-01-01,02:14:05,1
2020-01-01,02:14:08,1
2020-01-01,02:14:11,1
2020-01-01,02:14:13,1
2020-01-01,02:14:16,1
2020-01-01,02:14:19,1
2020-01-01,02:14:22,1
2020-01-01,02:14:25,1
2020-01-01,02:14:28,1
2020-01-01,02:14:31,1
2020-01-01,02:14:34,1
2020-01-01,02:14:37,1
2020-01-01,02:14:40,1
2020-01-01,02:14:43,1
2020-01-01,02:14:46,1
2020-01-01,02:14:49,1
2020-01-01,02:14:52,1
2020-01-01,02:14:55,1
2020-01-01,02:14:58,1
2020-01-01,02:15:01,1
2020-01-01,02:15:04,1
2020-01-01,02:15:07,1
2020-01-01,02:15:10,1
2020-01-01,02:15:13,1
2020-01-01,02:15:16,1
2020-01-01,02:15:19,1
2020-01-01,02:15:22,1
2020-01-01,02:15:24,1
2020-01-01,02:15:27,1
2020-01-01,02:15:30,1
2020-01-01,02:15:33,1
2020-01-01,02:15:36,1
2020-01-01,02:15:39,1
2020-01-01,02:15:42,1
2020-01-01,02:15:45,1
2020-01-01,02:15:48,1
2020-01-01,02:15:51,1
2020-01-01,02:15:54,1
2020-01-01,02:15:57,1
2020-01-01,02:16:00,1
2020-01-01,02:16:03,1
2020-01-01,02:16:06,1
2020-01-01,02:16:09,1
2020-01-01,02:16:12,1
2020-01-01,02:16:15,1
2020-01-01,02:16:18,1
2020-01-01,02:16:21,1
2020-01-01,02:16:24,1
2020-01-01,02:16:27,1
2020-01-01,02:16:30,1
2020-01-01,02:16:32,1
2020-01-01,02:16:35,1
2020-01-01,02:16:38,1
2020-01-01,02:16:41,1
2020-01-01,02:16:44,1
2020-01-01,02:16:47,1
2020-01-01,02:16:50,1
2020-01-01,02:16:53,1
2020-01-01,02:16:56,1
2020-01-01,02:16:59,1
2020-01-01,02:17:02,1
2020-01-01,02:17:06,1
2020-01-01,02:17:09,1
2020-01-01,02:17:13,1
2020-01-01,02:17:16,1
2020-01-01,02:17:20,1
2020-01-01,02:17:23,1
2020-01-01,02:17:27,1
2020-01-01,02:17:30,1
2020-01-01,02:17:34,1
2020-01-01,02:17:38,1
2020-01-01,02:17:41,1
2020-01-01,02:17:45,1
2020-01-01,02:17:48,1
2020-01-01,02:17:52,1
2020-01-01,02:17:55,1
2020-01-01,02:17:59,1
2020-01-01,02:18:02,1
2020-01-01,02:18:06,1
2020-01-01,02:18:10,1
2020-01-01,02:18:13,1
2020-01-01,02:18:17,1
2020-01-01,02:18:20,1
2020-01-01,02:18:24,1
2020-01-01,02:18:27,1
2020-01-01,02:18:31,1
2020-01-01,02:18:34,1
2020-01-01,02:18:38,1
2020-01-01,02:18:41,1
2020-01-01,02:18:45,1
2020-01-01,02:18:49,1
2020-01-01,02:18:52,1
2020-01-01,02:18:56,1
2020-01-01,02:18:59,1
2020-01-01,02:19:03,1
2020-01-01,02:19:06,1
2020-01-01,02:19:10,1
2020-01-01,02:19:13,1
2020-01-01,02:19:17,1
2020-01-01,02:19:20,1
2020-01-01,02:19:24,1
2020-01-01,02:19:28,1
2020-01-01,02:19:31,1
2020-01-01,02:19:35,1
2020-01-01,02:19:38,1
2020-01-01,02:19:42,1
2020-01-01,02:19:45,1
2020-01-01,02:19:49,1
2020-01-01,02:19:52,1
2020-01-01,02:19:56,1
2020-01-01,02:20:00,1
2020-01-01,02:20:03,1
2020-01-01,02:20:07,1
2020-01-01,02:20:10,1
2020-01-01,02:20:14,1
2020-01-01,02:20:17,1
2020-01-01,02:20:21,1
2020-01-01,02:20:24,1
2020-01-01,02:20:28,1
2020-01-01,02:20:31,1
2020-01-01,02:20:35,1
2020-01-01,02:20:39,1
2020-01-01,02:20:42,1
2020-01-01,02:20:46,1
2020-01-01,02:20:49,1
2020-01-01,02:20:53,1
2020-01-01,02:20:56,1
2020-01-01,02:21:00,1
2020-01-01,02:21:03,1
2020-01-01,02:21:07,1
2020-01-01,02:21:11,1
2020-01-01,02:21:14,1
2020-01-01,02:21:18,1
2020-01-01,02:21:21,1
2020-01-01,02:21:25,1
2020-01-01,02:21:28,1
2020-01-01,02:21:32,1
2020-01-01,02:21:35,1
2020-01-01,02:21:39,1
2020-01-01,02:21:42,1
2020-01-01,02:21:46,1
2020-01-01,02:21:50,1
2020-01-01,02:21:53,1
2020-01-01,02:21:57,1
2020-01-01,02:22:00,1
2020-01-01,02:22:04,1
2020-01-01,02:22:07,1
2020-01-01,02:22:11,1
2020-01-01,02:22:14,1
2020-01-01,02:22:18,1
2020-01-01,02:22:21,1
2020-01-01,02:22:25,1
2020-01-01,02:22:29,1
2020-01-01,02:22:32,1
2020-01-01,02:22:36,1
2020-01-01,02:22:39,1
2020-01-01,02:22:43,1
2020-01-01,02:22:46,1
2020-01-01,02:22:50,1
2020-01-01,02:22:53,1
2020-01-01,02:22:57,1
2020-01-01,02:23:01,1
2020-01-01,02:23:04,1
2020-01-01,02:23:08,1
2020-01-01,02:23:11,1
2020-01-01,02:23:15,1
2020-01-01,02:23:18,1
2020-01-01,02:23:22,1
2020-01-01,02:23:25,1
2020-01-01,02:23:29,1
2020-01-01,02:23:32,1
2020-01-01,02:23:36,1
2020-01-01,02:23:40,1
2020-01-01,02:23:43,1
2020-01-01,02:23:47,1
2020-01-01,02:23:50,1
2020-01-01,02:23:54,1
2020-01-01,02:23:57,1
2020-01-01,02:24:01,1
2020-01-01,02:24:04,1
2020-01-01,02:24:08,1
2020-01-01,02:24:12,1
2020-01-01,02:24:15,1
2020-01-01,02:24:19,1
2020-01-01,02:24:22,1
2020-01-01,02:24:26,1
2020-01-01,02:24:29,1
2020-01-01,02:24:33,1
2020-01-01,02:24:36,1
2020-01-01,02:24:40,1
2020-01-01,02:24:43,1
2020-01-01,02:24:47,1
2020-01-01,02:24:51,1
2020-01-01,02:24:54,1
2020-01-01,02:24:58,1
2020-01-01,02:25:01,1
2020-01-01,02:25:05,1
2020-01-01,02:25:08,1
2020-01-01,02:25:12,1
2020-01-01,02:25:15,1
2020-01-01,02:25:19,1
2020-01-01,02:25:23,1
2020-01-01,02:25:26,1
2020-01-01,02:25:30,1
2020-01-01,02:25:33,1
2020-01-01,02:25:37,1
2020-01-01,02:25:40,1
2020-01-01,02:25:44,1
2020-01-01,02:25:47,1
2020-01-01,02:25:51,1
2020-01-01,02:25:54,1
2020-01-01,02:25:58,1
2020-01-01,02:26:02,1
2020-01-01,02:26:05,1
2020-01-01,02:26:09,1
2020-01-01,02:26:12,1
2020-01-01,02:26:16,1
2020-01-01,02:26:19,1
2020-01-01,02:26:23,1
2020-01-01,02:26:26,1
2020-01-01,02:26:30,1
2020-01-01,02:26:33,1
2020-01-01,02:26:37,1
2020-01-01,02:26:41,1
2020-01-01,02:26:44,1
2020-01-01,02:26:48,1
2020-01-01,02:26:51,1
2020-01-01,02:26:55,1
2020-01-01,02:26:58,1
2020-01-01,02:27:02,1
2020-01-01,02:27:05,1
2020-01-01,02:27:09,1
2020-01-01,02:27:13,1
2020-01-01,02:27:16,1
2020-01-01,02:27:20,1
2020-01-01,02:27:23,1
2020-01-01,02:27:27,1
2020-01-01,02:27:30,1
2020-01-01,02:27:34,1
2020-01-01,02:27:37,1
2020-01-01,02:27:41,1
2020-01-01,02:27:44,1
2020-01-01,02:27:48,1
2020-01-01,02:27:52,1
2020-01-01,02:27:55,1
2020-01-01,02:27:59,1
2020-01-01,02:28:02,1
2020-01-01,02:28:06,1
2020-01-01,02:28:09,1
2020-01-01,02:28:13,1
2020-01-01,02:28:16,1
2020-01-01,02:28:20,1
2020-01-01,02:28:24,1
2020-01-01,02:28:27,1
2020-01-01,02:28:31,1
2020-01-01,02:28:34,1
2020-01-01,02:28:38,1
2020-01-01,02:28:41,1
2020-01-01,02:28:45,1
2020-01-01,02:28:48,1
2020-01-01,02:28:52,1
2020-01-01,02:28:55,1
2020-01-01,02:28:59,1
2020-01-01,02:29:03,1
2020-01-01,02:29:06,1
2020-01-01,02:29:10,1
2020-01-01,02:29:13,1
2020-01-01,02:29:17,1
2020-01-01,02:29:20,1
2020-01-01,02:29:24,1
2020-01-01,02:29:27,1
2020-01-01,02:29:31,1
2020-01-01,02:29:34,1
2020-01-01,02:29:38,1
2020-01-01,02:29:42,1
2020-01-01,02:29:45,1
2020-01-01,02:29:49,1
2020-01-01,02:29:52,1
2020-01-01,02:29:56,1
2020-01-01,02:29:59,1
2020-01-01,02:30:03,1
2020-01-01,02:30:06,1
2020-01-01,02:30:10,1
2020-01-01,02:30:14,1
2020-01-01,02:30:17,1
2020-01-01,02:30:21,1
2020-01-01,02:30:24,1
2020-01-01,02:30:28,1
2020-01-01,02:30:31,1
2020-01-01,02:30:35,1
2020-01-01,02:30:38,1
2020-01-01,02:30:42,1
2020-01-01,02:30:45,1
2020-01-01,02:30:49,1
2020-01-01,02:30:53,1
2020-01-01,02:30:56,1
2020-01-01,02:31:00,1
2020-01-01,02:31:03,1
2020-01-01,02:31:07,1
2020-01-01,02:31:10,1
2020-01-01,02:31:14,1
2020-01-01,02:31:17,1
2020-01-01,02:31:21,1
2020-01-01,02:31:25,1
2020-01-01,02:31:28,1
2020-01-01,02:31:32,1
2020-01-01,02:31:35,1
2020-01-01,02:31:39,1
2020-01-01,02:31:42,1
2020-01-01,02:31:46,1
2020-01-01,02:31:49,1
2020-01-01,02:31:53,1
2020-01-01,02:31:56,1
2020-01-01,02:32:00,1
2020-01-01,02:32:04,1
2020-01-01,02:32:07,1
2020-01-01,02:32:11,1
2020-01-01,02:32:14,1
2020-01-01,02:32:18,1
2020-01-01,02:32:21,1
2020-01-01,02:32:25,1
2020-01-01,02:32:28,1
2020-01-01,02:32:32,1
2020-01-01,02:32:36,1
2020-01-01,02:32:39,1
2020-01-01,02:32:43,1
2020-01-01,02:32:46,1
2020-01-01,02:32:50,1
2020-01-01,02:32:53,1
2020-01-01,02:32:57,1
2020-01-01,02:33:00,1
2020-01-01,02:33:04,1
2020-01-01,02:33:07,1
2020-01-01,02:33:11,1
2020-01-01,02:33:15,1
2020-01-01,02:33:18,1
2020-01-01,02:33:22,1
2020-01-01,02:33:25,1
2020-01-01,02:33:29,1
2020-01-01,02:33:32,1
2020-01-01,02:33:36,1
2020-01-01,02:33:39,1
2020-01-01,02:33:43,1
2020-01-01,02:33:46,1
2020-01-01,02:33:50,1
2020-01-01,02:33:54,1
2020-01-01,02:33:57,1
2020-01-01,02:34:01,1
2020-01-01,02:34:04,1
2020-01-01,02:34:08,1
2020-01-01,02:34:11,1
2020-01-01,02:34:15,1
2020-01-01,02:34:18,1
2020-01-01,02:34:22,1
2020-01-01,02:34:26,1
2020-01-01,02:34:29,1
2020-01-01,02:34:33,1
2020-01-01,02:34:36,1
2020-01-01,02:34:40,1
2020-01-01,02:34:43,1
2020-01-01,02:34:47,1
2020-01-01,02:34:50,1
2020-01-01,02:34:54,1
2020-01-01,02:34:57,1
2020-01-01,02:35:01,1
2020-01-01,02:35:05,1
2020-01-01,02:35:08,1
2020-01-01,02:35:12,1
2020-01-01,02:35:15,1
2020-01-01,02:35:19,1
2020-01-01,02:35:22,1
2020-01-01,02:35:26,1
2020-01-01,02:35:29,1
2020-01-01,02:35:33,1
2020-01-01,02:35:37,1
2020-01-01,02:35:40,1
2020-01-01,02:35:44,1
2020-01-01,02:35:47,1
2020-01-01,02:35:51,1
2020-01-01,02:35:54,1
2020-01-01,02:35:58,1
2020-01-01,02:36:01,1
2020-01-01,02:36:05,1
2020-01-01,02:36:08,1
2020-01-01,02:36:12,1
2020-01-01,02:36:16,1
2020-01-01,02:36:19,1
2020-01-01,02:36:23,1
2020-01-01,02:36:26,1
2020-01-01,02:36:30,1
2020-01-01,02:36:33,1
2020-01-01,02:36:37,1
2020-01-01,02:36:40,1
2020-01-01,02:36:44,1
2020-01-01,02:36:48,1
2020-01-01,02:36:51,1
2020-01-01,02:36:55,1
2020-01-01,02:36:58,1
2020-01-01,02:37:02,1
2020-01-01,02:37:05,1
2020-01-01,02:37:09,1
2020-01-01,02:37:12,1
2020-01-01,02:37:16,1
2020-01-01,02:37:19,1
2020-01-01,02:37:23,1
2020-01-01,02:37:27,1
2020-01-01,02:37:30,1
2020-01-01,02:37:34,1
2020-01-01,02:37:37,1
2020-01-01,02:37:41,1
2020-01-01,02:37:44,1
2020-01-01,02:37:48,1
2020-01-01,02:37:51,1
2020-01-01,02:37:55,1
2020-01-01,02:37:58,1
2020-01-01,02:38:02,1
2020-01-01,02:38:06,1
2020-01-01,02:38:09,1
2020-01-01,02:38:13,1
2020-01-01,02:38:16,1
2020-01-01,02:38:20,1
2020-01-01,02:38:23,1
2020-01-01,02:38:27,1
2020-01-01,02:38:30,1
2020-01-01,02:38:34,1
2020-01-01,02:38:38,1
2020-01-01,02:38:41,1
2020-01-01,02:38:45,1
2020-01-01,02:38:48,1
2020-01-01,02:38:52,1
2020-01-01,02:38:55,1
2020-01-01,02:38:59,1
2020-01-01,02:39:02,1
2020-01-01,02:39:06,1
2020-01-01,02:39:09,1
2020-01-01,02:39:13,1
2020-01-01,02:39:17,1
2020-01-01,02:39:20,1
2020-01-01,02:39:24,1
2020-01-01,02:39:27,1
2020-01-01,02:39:31,1
2020-01-01,02:39:34,1
2020-01-01,02:39:38,1
2020-01-01,02:39:41,1
2020-01-01,02:39:45,1
2020-01-01,02:39:49,1
2020-01-01,02:39:52,1
2020-01-01,02:39:56,1
2020-01-01,02:39:59,1
2020-01-01,02:40:03,1
2020-01-01,02:40:06,1
2020-01-01,02:40:10,1
2020-01-01,02:40:13,1
2020-01-01,02:40:17,1
2020-01-01,02:40:20,1
2020-01-01,02:40:24,1
2020-01-01,02:40:28,1
2020-01-01,02:40:31,1
2020-01-01,02:40:35,1
2020-01-01,02:40:38,1
2020-01-01,02:40:42,1
2020-01-01,02:40:45,1
2020-01-01,02:40:49,1
2020-01-01,02:40:52,1
2020-01-01,02:40:56,1
2020-01-01,02:40:59,1
2020-01-01,02:41:03,1
2020-01-01,02:41:07,1
2020-01-01,02:41:10,1
2020-01-01,02:41:14,1
2020-01-01,02:41:17,1
2020-01-01,02:41:21,1
2020-01-01,02:41:24,1
2020-01-01,02:41:28,1
2020-01-01,02:41:31,1
2020-01-01,02:41:35,1
2020-01-01,02:41:39,1
2020-01-01,02:41:42,1
2020-01-01,02:41:46,1
2020-01-01,02:41:49,1
2020-01-01,02:41:53,1
2020-01-01,02:41:58,1
2020-01-01,02:42:02,1
2020-01-01,02:42:06,1
2020-01-01,02:42:10,1
2020-01-01,02:42:15,1
2020-01-01,02:42:19,1
2020-01-01,02:42:23,1
2020-01-01,02:42:28,1
2020-01-01,02:42:32,1
2020-01-01,02:42:36,1
2020-01-01,02:42:40,1
2020-01-01,02:42:45,1
2020-01-01,02:42:49,1
2020-01-01,02:42:53,1
2020-01-01,02:42:57,1
2020-01-01,02:43:02,1
2020-01-01,02:43:06,1
2020-01-01,02:43:10,1
2020-01-01,02:43:14,1
2020-01-01,02:43:19,1
2020-01-01,02:43:23,1
2020-01-01,02:43:27,1
2020-01-01,02:43:31,1
2020-01-01,02:43:36,1
2020-01-01,02:43:40,1
2020-01-01,02:43:44,1
2020-01-01,02:43:48,1
2020-01-01,02:43:53,1
2020-01-01,02:43:57,1
2020-01-01,02:44:01,1
2020-01-01,02:44:05,1
2020-01-01,02:44:10,1
2020-01-01,02:44:14,1
2020-01-01,02:44:18,1
2020-01-01,02:44:23,1
2020-01-01,02:44:27,1
2020-01-01,02:44:31,1
2020-01-01,02:44:35,1
2020-01-01,02:44:40,1
2020-01-01,02:44:44,1
2020-01-01,02:44:48,1
2020-01-01,02:44:52,1
2020-01-01,02:44:57,1
2020-01-01,02:45:01,1
2020-01-01,02:45:05,1
2020-01-01,02:45:09,1
2020-01-01,02:45:14,1
2020-01-01,02:45:18,1
2020-01-01,02:45:22,1
2020-01-01,02:45:26,1
2020-01-01,02:45:31,1
2020-01-01,02:45:35,1
2020-01-01,02:45:39,1
2020-01-01,02:45:43,1
2020-01-01,02:45:48,1
2020-01-01,02:45:52,1
2020-01-01,02:45:56,1
2020-01-01,02:46:00,1
2020-01-01,02:46:05,1
2020-01-01,02:46:09,1
2020-01-01,02:46:13,1
2020-01-01,02:46:18,1
2020-01-01,02:46:22,1
2020-01-01,02:46:26,1
2020-01-01,02:46:30,1
2020-01-01,02:46:35,1
2020-01-01,02:46:39,1
2020-01-01,02:46:43,1
2020-01-01,02:46:47,1
2020-01-01,02:46:52,1
2020-01-01,02:46:56,1
2020-01-01,02:47:00,1
2020-01-01,02:47:04,1
2020-01-01,02:47:09,1
2020-01-01,02:47:13,1
2020-01-01,02:47:17,1
2020-01-01,02:47:21,1
2020-01-01,02:47:26,1
2020-01-01,02:47:30,1
2020-01-01,02:47:34,1
2020-01-01,02:47:38,1
2020-01-01,02:47:43,1
2020-01-01,02:47:47,1
2020-01-01,02:47:51,1
2020-01-01,02:47:55,1
2020-01-01,02:48:00,1
2020-01-01,02:48:04,1
2020-01-01,02:48:08,1
2020-01-01,02:48:13,1
2020-01-01,02:48:17,1
2020-01-01,02:48:21,1
2020-01-01,02:48:25,1
2020-01-01,02:48:30,1
2020-01-01,02:48:34,1
2020-01-01,02:48:38,1
2020-01-01,02:48:42,1
2020-01-01,02:48:47,1
2020-01-01,02:48:51,1
2020-01-01,02:48:55,1
2020-01-01,02:48:59,1
2020-01-01,02:49:04,1
2020-01-01,02:49:08,1
2020-01-01,02:49:12,1
2020-01-01,02:49:16,1
2020-01-01,02:49:21,1
2020-01-01,02:49:25,1
2020-01-01,02:49:29,1
2020-01-01,02:49:33,1
2020-01-01,02:49:38,1
2020-01-01,02:49:42,1
2020-01-01,02:49:46,1
2020-01-01,02:49:50,1
2020-01-01,02:49:55,1
2020-01-01,02:49:59,1
2020-01-01,02:50:03,1
2020-01-01,02:50:08,1
2020-01-01,02:50:12,1
2020-01-01,02:50:16,1
2020-01-01,02:50:20,1
2020-01-01,02:50:25,1
2020-01-01,02:50:29,1
2020-01-01,02:50:33,1
2020-01-01,02:50:37,1
2020-01-01,02:50:42,1
2020-01-01,02:50:46,1
2020-01-01,02:50:50,1
2020-01-01,02:50:54,1
2020-01-01,02:50:59,1
2020-01-01,02:51:03,1
2020-01-01,02:51:07,1
2020-01-01,02:51:11,1
2020-01-01,02:51:16,1
2020-01-01,02:51:20,1
2020-01-01,02:51:24,1
2020-01-01,02:51:28,1
2020-01-01,02:51:33,1
2020-01-01,02:51:37,1
2020-01-01,02:51:41,1
2020-01-01,02:51:45,1
2020-01-01,02:51:50,1
2020-01-01,02:51:54,1
2020-01-01,02:51:58,1
2020-01-01,02:52:02,1
2020-01-01,02:52:07,1
2020-01-01,02:52:11,1
2020-01-01,02:52:15,1
2020-01-01,02:52:20,1
2020-01-01,02:52:24,1
2020-01-01,02:52:28,1
2020-01-01,02:52:32,1
2020-01-01,02:52:37,1
2020-01-01,02:52:41,1
2020-01-01,02:52:45,1
2020-01-01,02:52:49,1
2020-01-01,02:52:54,1
2020-01-01,02:52:58,1
2020-01-01,02:53:02,1
2020-01-01,02:53:06,1
2020-01-01,02:53:11,1
2020-01-01,02:53:15,1
2020-01-01,02:53:19,1
2020-01-01,02:53:23,1
2020-01-01,02:53:28,1
2020-01-01,02:53:32,1
2020-01-01,02:53:36,1
2020-01-01,02:53:40,1
2020-01-01,02:53:45,1
2020-01-01,02:53:49,1
2020-01-01,02:53:53,1
2020-01-01,02:53:57,1
2020-01-01,02:54:02,1
2020-01-01,02:54:06,1
2020-01-01,02:54:10,1
2020-01-01,02:54:15,1
2020-01-01,02:54:19,1
2020-01-01,02:54:23,1
2020-01-01,02:54:27,1
2020-01-01,02:54:32,1
2020-01-01,02:54:36,1
2020-01-01,02:54:40,1
2020-01-01,02:54:44,1
2020-01-01,02:54:49,1
2020-01-01,02:54:53,1
2020-01-01,02:54:57,1
2020-01-01,02:55:01,1
2020-01-01,02:55:06,1
2020-01-01,02:55:10,1
2020-01-01,02:55:14,1
2020-01-01,02:55:18,1
2020-01-01,02:55:23,1
2020-01-01,02:55:27,1
2020-01-01,02:55:31,1
2020-01-01,02:55:35,1
2020-01-01,02:55:40,1
2020-01-01,02:55:44,1
2020-01-01,02:55:48,1
2020-01-01,02:55:52,1
2020-01-01,02:55:57,1
2020-01-01,02:56:01,1
2020-01-01,02:56:05,1
2020-01-01,02:56:10,1
2020-01-01,02:56:14,1
2020-01-01,02:56:18,1
2020-01-01,02:56:22,1
2020-01-01,02:56:27,1
2020-01-01,02:56:31,1
2020-01-01,02:56:35,1
2020-01-01,02:56:39,1
2020-01-01,02:56:44,1
2020-01-01,02:56:48,1
2020-01-01,02:56:52,1
2020-01-01,02:56:56,1
2020-01-01,02:57:01,1
2020-01-01,02:57:05,1
2020-01-01,02:57:09,1
2020-01-01,02:57:13,1
2020-01-01,02:57:18,1
2020-01-01,02:57:22,1
2020-01-01,02:57:26,1
2020-01-01,02:57:30,1
2020-01-01,02:57:35,1
2020-01-01,02:57:39,1
2020-01-01,02:57:43,1
2020-01-01,02:57:47,1
2020-01-01,02:57:52,1
2020-01-01,02:57:56,1
2020-01-01,02:58:00,1
2020-01-01,02:58:05,1
2020-01-01,02:58:09,1
2020-01-01,02:58:13,1
2020-01-01,02:58:17,1
2020-01-01,02:58:22,1
2020-01-01,02:58:26,1
2020-01-01,02:58:30,1
2020-01-01,02:58:34,1
2020-01-01,02:58:39,1
2020-01-01,02:58:43,1
2020-01-01,02:58:47,1
2020-01-01,02:58:51,1
2020-01-01,02:58:56,1
2020-01-01,02:59:00,1
2020-01-01,02:59:04,1
2020-01-01,02:59:08,1
2020-01-01,02:59:13,1
2020-01-01,02:59:17,1
2020-01-01,02:59:21,1
2020-01-01,02:59:25,1
2020-01-01,02:59:30,1
2020-01-01,02:59:34,1
2020-01-01,02:59:38,1
2020-01-01,02:59:42,1
2020-01-01,02:59:47,1
2020-01-01,02:59:51,1
2020-01-01,02:59:55,1
2020-01-01,03:00:00,1
2020-01-01,03:00:01,1
2020-01-01,03:00:02,1
2020-01-01,03:00:05,1
2020-01-01,03:00:12,1
2020-01-01,03:00:28,1
2020-01-01,03:01:05,1
2020-01-01,03:02:39,1
2020-01-01,03:05:26,1
2020-01-01,03:08:14,1
2020-01-01,03:11:01,1
2020-01-01,03:15:29,1
2020-01-01,03:19:56,1
2020-01-01,03:28:08,1
2020-01-01,03:46:23,1
2020-01-01,04:00:00,1
2020-01-01,04:00:30,1
2020-01-01,04:01:29,1
2020-01-01,04:02:47,1
2020-01-01,04:04:37,1
2020-01-01,04:06:27,1
2020-01-01,04:08:55,1
2020-01-01,04:12:41,1
2020-01-01,04:16:27,1
2020-01-01,04:21:25,1
2020-01-01,04:29:10,1
2020-01-01,04:46:13,1
2020-01-01,05:00:00,1
2020-01-01,05:08:58,1
2020-01-01,05:26:53,1
2020-01-01,05:44:48,1
2020-01-01,06:00:00,1
2020-01-01,06:05:12,1
2020-01-01,06:15:36,1
2020-01-01,06:26:00,1
2020-01-01,06:36:24,1
2020-01-01,06:46:48,1
2020-01-01,07:00:00,1
2020-01-01,07:00:48,1
2020-01-01,07:02:24,1
2020-01-01,07:04:00,1
2020-01-01,07:05:54,1
2020-01-01,07:07:49,1
2020-01-01,07:10:41,1
2020-01-01,07:13:33,1
2020-01-01,07:17:08,1
2020-01-01,07:21:53,1
2020-01-01,07:31:06,1
2020-01-01,07:46:43,1
2020-01-01,08:00:00,1
2020-01-01,08:00:55,1
2020-01-01,08:02:45,1
2020-01-01,08:04:35,1
2020-01-01,08:07:14,1
2020-01-01,08:09:54,1
2020-01-01,08:14:55,1
2020-01-01,08:18:45,1
2020-01-01,08:25:09,1
2020-01-01,08:36:34,1
2020-01-01,08:53:32,1
2020-01-01,09:00:00,1
2020-01-01,09:12:43,1
2020-01-01,09:38:10,1
2020-01-01,10:00:00,1
2020-01-01,10:00:10,1
2020-01-01,10:00:31,1
2020-01-01,10:00:45,1
2020-01-01,10:00:58,1
2020-01-01,10:01:17,1
2020-01-01,10:01:35,1
2020-01-01,10:02:04,1
2020-01-01,10:02:43,1
2020-01-01,10:03:21,1
2020-01-01,10:04:00,1
2020-01-01,10:05:16,1
2020-01-01,10:06:33,1
2020-01-01,10:08:39,1
2020-01-01,10:10:46,1
2020-01-01,10:13:22,1
2020-01-01,10:16:52,1
2020-01-01,10:23:11,1
2020-01-01,10:35:24,1
2020-01-01,10:47:38,1
2020-01-01,10:59:52,1
2020-01-01,11:00:00,1
2020-01-01,11:00:06,1
2020-01-01,11:00:17,1
2020-01-01,11:00:33,1
2020-01-01,11:00:58,1
2020-01-01,11:01:22,1
2020-01-01,11:01:55,1
2020-01-01,11:02:38,1
2020-01-01,11:03:22,1
2020-01-01,11:04:05,1
2020-01-01,11:04:48,1
2020-01-01,11:05:30,1
2020-01-01,11:06:23,1
2020-01-01,11:07:39,1
2020-01-01,11:08:54,1
2020-01-01,11:10:10,1
2020-01-01,11:11:55,1
2020-01-01,11:14:17,1
2020-01-01,11:18:28,1
2020-01-01,11:23:37,1
2020-01-01,11:28:46,1
2020-01-01,11:37:01,1
2020-01-01,11:55:35,1
2020-01-01,12:00:00,1
2020-01-01,12:00:59,1
2020-01-01,12:02:56,1
2020-01-01,12:04:53,1
2020-01-01,12:06:50,1
2020-01-01,12:08:47,1
2020-01-01,12:11:51,1
2020-01-01,12:14:55,1
2020-01-01,12:19:06,1
2020-01-01,12:25:11,1
2020-01-01,12:39:49,1
2020-01-01,12:58:59,1
2020-01-01,13:00:00,1
2020-01-01,13:00:48,1
2020-01-01,13:02:25,1
2020-01-01,13:04:02,1
2020-01-01,13:05:45,1
2020-01-01,13:07:28,1
2020-01-01,13:09:11,1
2020-01-01,13:12:14,1
2020-01-01,13:15:16,1
2020-01-01,13:18:19,1
2020-01-01,13:23:02,1
2020-01-01,13:44:30,1
2020-01-01,13:59:57,1
2020-01-01,14:00:00,1
2020-01-01,14:00:23,1
2020-01-01,14:01:09,1
2020-01-01,14:02:15,1
2020-01-01,14:03:51,1
2020-01-01,14:05:27,1
2020-01-01,14:07:03,1
2020-01-01,14:10:35,1
2020-01-01,14:13:22,1
2020-01-01,14:17:04,1
2020-01-01,14:21:37,1
2020-01-01,14:32:27,1
2020-01-01,14:47:06,1
2020-01-01,15:00:00,1
2020-01-01,15:01:02,1
2020-01-01,15:03:06,1
2020-01-01,15:04:41,1
2020-01-01,15:06:27,1
2020-01-01,15:08:13,1
2020-01-01,15:11:23,1
2020-01-01,15:13:52,1
2020-01-01,15:17:14,1
2020-01-01,15:21:31,1
2020-01-01,15:31:45,1
2020-01-01,15:44:45,1
2020-01-01,16:00:00,1
2020-01-01,16:00:50,1
2020-01-01,16:02:30,1
2020-01-01,16:04:11,1
2020-01-01,16:06:34,1
2020-01-01,16:08:24,1
2020-01-01,16:12:16,1
2020-01-01,16:15:01,1
2020-01-01,16:19:04,1
2020-01-01,16:24:23,1
2020-01-01,16:38:04,1
2020-01-01,16:51:46,1
2020-01-01,17:00:00,1
2020-01-01,17:01:16,1
2020-01-01,17:03:48,1
2020-01-01,17:06:50,1
2020-01-01,17:09:52,1
2020-01-01,17:13:43,1
2020-01-01,17:18:39,1
2020-01-01,17:23:34,1
2020-01-01,17:48:01,1
2020-01-01,18:00:00,1
2020-01-01,18:00:40,1
2020-01-01,18:01:59,1
2020-01-01,18:03:18,1
2020-01-01,18:05:22,1
2020-01-01,18:07:26,1
2020-01-01,18:10:21,1
2020-01-01,18:14:11,1
2020-01-01,18:18:01,1
2020-01-01,18:23:31,1
2020-01-01,18:34:33,1
2020-01-01,18:50:36,1
2020-01-01,19:00:00,1
2020-01-01,19:05:28,1
2020-01-01,19:12:28,1
2020-01-01,19:19:28,1
2020-01-01,19:28:47,1
2020-01-01,19:38:07,1
2020-01-01,19:47:27,1
2020-01-01,19:58:52,1
2020-01-01,20:00:00,1
2020-01-01,20:14:27,1
2020-01-01,20:43:21,1
2020-01-01,21:00:00,1
2020-01-01,21:07:01,1
2020-01-01,21:16:50,1
2020-01-01,21:26:39,1
2020-01-01,21:38:06,1
2020-01-01,21:49:33,1
2020-01-01,22:00:00,1
2020-01-01,22:05:04,1
2020-01-01,22:15:11,1
2020-01-01,22:25:19,1
2020-01-01,22:36:16,1
2020-01-01,22:47:13,1
2020-01-01,23:00:00,1
2020-01-01,23:01:15,1
2020-01-01,23:03:45,1
2020-01-01,23:06:14,1
2020-01-01,23:09:29,1
2020-01-01,23:12:44,1
2020-01-01,23:17:18,1
2020-01-01,23:21:52,1
2020-01-01,23:35:49,1
2020-01-01,23:56:48,1
2020-02-01,00:00:00,1
2020-02-01,00:06:13,1
2020-02-01,00:18:40,1
2020-02-01,00:31:06,1
2020-02-01,00:44:18,1
2020-02-01,00:57:29,1
2020-02-01,01:00:00,1
2020-02-01,01:06:46,1
2020-02-01,01:15:59,1
2020-02-01,01:25:12,1
2020-02-01,01:35:07,1
2020-02-01,01:45:03,1
2020-02-01,02:00:00,1
2020-02-01,02:00:05,1
2020-02-01,02:00:15,1
2020-02-01,02:00:25,1
2020-02-01,02:00:35,1
2020-02-01,02:00:49,1
2020-02-01,02:01:03,1
2020-02-01,02:01:20,1
2020-02-01,02:01:43,1
2020-02-01,02:02:16,1
2020-02-01,02:02:49,1
2020-02-01,02:03:39,1
2020-02-01,02:05:13,1
2020-02-01,02:06:25,1
2020-02-01,02:08:07,1
2020-02-01,02:10:11,1
2020-02-01,02:12:15,1
2020-02-01,02:15:31,1
2020-02-01,02:21:29,1
2020-02-01,02:31:34,1
2020-02-01,02:41:39,1
2020-02-01,02:51:44,1
2020-02-01,03:00:00,1
2020-02-01,03:00:01,1
2020-02-01,03:00:02,1
2020-02-01,03:00:03,1
2020-02-01,03:00:04,1
2020-02-01,03:00:07,1
2020-02-01,03:00:10,1
2020-02-01,03:00:16,1
2020-02-01,03:00:24,1
2020-02-01,03:00:27,1
2020-02-01,03:00:31,1
2020-02-01,03:00:33,1
2020-02-01,03:00:36,1
2020-02-01,03:00:37,1
2020-02-01,03:00:39,1
2020-02-01,03:00:40,1
2020-02-01,03:00:41,1
2020-02-01,03:00:43,1
2020-02-01,03:00:45,1
2020-02-01,03:00:46,1
2020-02-01,03:00:47,1
2020-02-01,03:00:48,1
2020-02-01,03:00:49,1
2020-02-01,03:00:50,1
2020-02-01,03:00:51,1
2020-02-01,03:00:52,1
2020-02-01,03:00:53,1
2020-02-01,03:00:54,1
2020-02-01,03:00:55,1
2020-02-01,03:00:56,1
2020-02-01,03:00:57,1
2020-02-01,03:00:58,1
2020-02-01,03:00:59,1
2020-02-01,03:01:00,1
2020-02-01,03:01:01,1
2020-02-01,03:01:02,1
2020-02-01,03:01:03,1
2020-02-01,03:01:04,1
2020-02-01,03:01:05,1
2020-02-01,03:01:06,1
2020-02-01,03:01:07,1
2020-02-01,03:01:08,1
2020-02-01,03:01:09,1
2020-02-01,03:01:11,1
2020-02-01,03:01:12,1
2020-02-01,03:01:13,1
2020-02-01,03:01:14,1
2020-02-01,03:01:15,1
2020-02-01,03:01:16,1
2020-02-01,03:01:18,1
2020-02-01,03:01:20,1
2020-02-01,03:01:22,1
2020-02-01,03:01:23,1
2020-02-01,03:01:24,1
2020-02-01,03:01:25,1
2020-02-01,03:01:26,1
2020-02-01,03:01:27,1
2020-02-01,03:01:28,1
2020-02-01,03:01:30,1
2020-02-01,03:01:31,1
2020-02-01,03:01:32,1
2020-02-01,03:01:33,1
2020-02-01,03:01:34,1
2020-02-01,03:01:35,1
2020-02-01,03:01:36,1
2020-02-01,03:01:37,1
2020-02-01,03:01:38,1
2020-02-01,03:01:39,1
2020-02-01,03:01:40,1
2020-02-01,03:01:41,1
2020-02-01,03:01:42,1
2020-02-01,03:01:43,1
2020-02-01,03:01:44,1
2020-02-01,03:01:45,1
2020-02-01,03:01:46,1
2020-02-01,03:01:47,1
2020-02-01,03:01:48,1
2020-02-01,03:01:49,1
2020-02-01,03:01:50,1
2020-02-01,03:01:51,1
2020-02-01,03:01:52,1
2020-02-01,03:01:53,1
2020-02-01,03:01:54,1
2020-02-01,03:01:55,1
2020-02-01,03:01:56,1
2020-02-01,03:01:57,1
2020-02-01,03:01:58,1
2020-02-01,03:01:59,1
2020-02-01,03:02:00,1
2020-02-01,03:02:01,1
2020-02-01,03:02:02,1
2020-02-01,03:02:03,1
2020-02-01,03:02:04,1
2020-02-01,03:02:05,1
2020-02-01,03:02:06,1
2020-02-01,03:02:07,1
2020-02-01,03:02:08,1
2020-02-01,03:02:09,1
2020-02-01,03:02:10,1
2020-02-01,03:02:11,1
2020-02-01,03:02:12,1
2020-02-01,03:02:13,1
2020-02-01,03:02:14,1
2020-02-01,03:02:15,1
2020-02-01,03:02:16,1
2020-02-01,03:02:17,1
2020-02-01,03:02:18,1
2020-02-01,03:02:19,1
2020-02-01,03:02:20,1
2020-02-01,03:02:21,1
2020-02-01,03:02:22,1
2020-02-01,03:02:23,1
2020-02-01,03:02:24,1
2020-02-01,03:02:25,1
2020-02-01,03:02:26,1
2020-02-01,03:02:27,1
2020-02-01,03:02:28,1
2020-02-01,03:02:29,1
2020-02-01,03:02:30,1
2020-02-01,03:02:31,1
2020-02-01,03:02:32,1
2020-02-01,03:02:33,1
2020-02-01,03:02:34,1
2020-02-01,03:02:35,1
2020-02-01,03:02:36,1
2020-02-01,03:02:37,1
2020-02-01,03:02:38,1
2020-02-01,03:02:39,1
2020-02-01,03:02:40,1
2020-02-01,03:02:41,1
2020-02-01,03:02:42,1
2020-02-01,03:02:43,1
2020-02-01,03:02:44,1
2020-02-01,03:02:45,1
2020-02-01,03:02:46,1
2020-02-01,03:02:47,1
2020-02-01,03:02:48,1
2020-02-01,03:02:49,1
2020-02-01,03:02:50,1
2020-02-01,03:02:51,1
2020-02-01,03:02:52,1
2020-02-01,03:02:53,1
2020-02-01,03:02:54,1
2020-02-01,03:02:55,1
2020-02-01,03:02:56,1
2020-02-01,03:02:57,1
2020-02-01,03:02:58,1
2020-02-01,03:02:59,1
2020-02-01,03:03:00,1
2020-02-01,03:03:01,1
2020-02-01,03:03:02,1
2020-02-01,03:03:03,1
2020-02-01,03:03:04,1
2020-02-01,03:03:05,1
2020-02-01,03:03:06,1
2020-02-01,03:03:07,1
2020-02-01,03:03:08,1
2020-02-01,03:03:09,1
2020-02-01,03:03:10,1
2020-02-01,03:03:11,1
2020-02-01,03:03:12,1
2020-02-01,03:03:13,1
2020-02-01,03:03:14,1
2020-02-01,03:03:15,1
2020-02-01,03:03:16,1
2020-02-01,03:03:17,1
2020-02-01,03:03:18,1
2020-02-01,03:03:19,1
2020-02-01,03:03:20,1
2020-02-01,03:03:21,1
2020-02-01,03:03:22,1
2020-02-01,03:03:23,1
2020-02-01,03:03:24,1
2020-02-01,03:03:25,1
2020-02-01,03:03:26,1
2020-02-01,03:03:27,1
2020-02-01,03:03:28,1
2020-02-01,03:03:29,1
2020-02-01,03:03:30,1
2020-02-01,03:03:31,1
2020-02-01,03:03:32,1
2020-02-01,03:03:33,1
2020-02-01,03:03:34,1
2020-02-01,03:03:35,1
2020-02-01,03:03:36,1
2020-02-01,03:03:37,1
2020-02-01,03:03:38,1
2020-02-01,03:03:39,1
2020-02-01,03:03:40,1
2020-02-01,03:03:41,1
2020-02-01,03:03:42,1
2020-02-01,03:03:43,1
2020-02-01,03:03:44,1
2020-02-01,03:03:45,1
2020-02-01,03:03:46,1
2020-02-01,03:03:47,1
2020-02-01,03:03:48,1
2020-02-01,03:03:49,1
2020-02-01,03:03:50,1
2020-02-01,03:03:51,1
2020-02-01,03:03:52,1
2020-02-01,03:03:53,1
2020-02-01,03:03:54,1
2020-02-01,03:03:55,1
2020-02-01,03:03:56,1
2020-02-01,03:03:57,1
2020-02-01,03:03:58,1
2020-02-01,03:03:59,1
2020-02-01,03:04:00,1
2020-02-01,03:04:01,1
2020-02-01,03:04:02,1
2020-02-01,03:04:03,1
2020-02-01,03:04:04,1
2020-02-01,03:04:05,1
2020-02-01,03:04:06,1
2020-02-01,03:04:07,1
2020-02-01,03:04:08,1
2020-02-01,03:04:09,1
2020-02-01,03:04:10,1
2020-02-01,03:04:11,1
2020-02-01,03:04:12,1
2020-02-01,03:04:13,1
2020-02-01,03:04:14,1
2020-02-01,03:04:15,1
2020-02-01,03:04:16,1
2020-02-01,03:04:17,1
2020-02-01,03:04:18,1
2020-02-01,03:04:19,1
2020-02-01,03:04:20,1
2020-02-01,03:04:21,1
2020-02-01,03:04:22,1
2020-02-01,03:04:23,1
2020-02-01,03:04:24,1
2020-02-01,03:04:25,1
2020-02-01,03:04:26,1
2020-02-01,03:04:27,1
2020-02-01,03:04:28,1
2020-02-01,03:04:29,1
2020-02-01,03:04:30,1
2020-02-01,03:04:31,1
2020-02-01,03:04:32,1
2020-02-01,03:04:33,1
2020-02-01,03:04:34,1
2020-02-01,03:04:35,1
2020-02-01,03:04:36,1
2020-02-01,03:04:37,1
2020-02-01,03:04:38,1
2020-02-01,03:04:39,1
2020-02-01,03:04:40,1
2020-02-01,03:04:41,1
2020-02-01,03:04:42,1
2020-02-01,03:04:43,1
2020-02-01,03:04:44,1
2020-02-01,03:04:45,1
2020-02-01,03:04:46,1
2020-02-01,03:04:47,1
2020-02-01,03:04:48,1
2020-02-01,03:04:49,1
2020-02-01,03:04:50,1
2020-02-01,03:04:51,1
2020-02-01,03:04:52,1
2020-02-01,03:04:53,1
2020-02-01,03:04:54,1
2020-02-01,03:04:55,1
2020-02-01,03:04:56,1
2020-02-01,03:04:57,1
2020-02-01,03:04:58,1
2020-02-01,03:04:59,1
2020-02-01,03:05:00,1
2020-02-01,03:05:01,1
2020-02-01,03:05:02,1
2020-02-01,03:05:03,1
2020-02-01,03:05:04,1
2020-02-01,03:05:05,1
2020-02-01,03:05:06,1
2020-02-01,03:05:07,1
2020-02-01,03:05:08,1
2020-02-01,03:05:09,1
2020-02-01,03:05:10,1
2020-02-01,03:05:11,1
2020-02-01,03:05:12,1
2020-02-01,03:05:13,1
2020-02-01,03:05:14,1
2020-02-01,03:05:15,1
2020-02-01,03:05:16,1
2020-02-01,03:05:17,1
2020-02-01,03:05:19,1
2020-02-01,03:05:20,1
2020-02-01,03:05:21,1
2020-02-01,03:05:22,1
2020-02-01,03:05:23,1
2020-02-01,03:05:25,1
2020-02-01,03:05:26,1
2020-02-01,03:05:27,1
2020-02-01,03:05:29,1
2020-02-01,03:05:31,1
2020-02-01,03:05:32,1
2020-02-01,03:05:34,1
2020-02-01,03:05:36,1
2020-02-01,03:05:38,1
2020-02-01,03:05:40,1
2020-02-01,03:05:42,1
2020-02-01,03:05:44,1
2020-02-01,03:05:46,1
2020-02-01,03:05:49,1
2020-02-01,03:05:52,1
2020-02-01,03:05:55,1
2020-02-01,03:05:58,1
2020-02-01,03:06:01,1
2020-02-01,03:06:05,1
2020-02-01,03:06:09,1
2020-02-01,03:06:13,1
2020-02-01,03:06:17,1
2020-02-01,03:06:22,1
2020-02-01,03:06:27,1
2020-02-01,03:06:32,1
2020-02-01,03:06:38,1
2020-02-01,03:06:44,1
2020-02-01,03:06:50,1
2020-02-01,03:06:57,1
2020-02-01,03:07:04,1
2020-02-01,03:07:12,1
2020-02-01,03:07:21,1
2020-02-01,03:07:30,1
2020-02-01,03:07:39,1
2020-02-01,03:07:51,1
2020-02-01,03:08:02,1
2020-02-01,03:08:13,1
2020-02-01,03:08:27,1
2020-02-01,03:08:42,1
2020-02-01,03:08:56,1
2020-02-01,03:09:13,1
2020-02-01,03:09:31,1
2020-02-01,03:09:48,1
2020-02-01,03:10:10,1
2020-02-01,03:10:31,1
2020-02-01,03:10:52,1
2020-02-01,03:11:18,1
2020-02-01,03:11:44,1
2020-02-01,03:12:10,1
2020-02-01,03:12:36,1
2020-02-01,03:13:02,1
2020-02-01,03:13:27,1
2020-02-01,03:13:53,1
2020-02-01,03:14:19,1
2020-02-01,03:14:45,1
2020-02-01,03:15:11,1
2020-02-01,03:15:37,1
2020-02-01,03:16:02,1
2020-02-01,03:16:28,1
2020-02-01,03:16:54,1
2020-02-01,03:17:20,1
2020-02-01,03:17:46,1
2020-02-01,03:18:12,1
2020-02-01,03:18:37,1
2020-02-01,03:19:03,1
2020-02-01,03:19:29,1
2020-02-01,03:19:55,1
2020-02-01,03:20:21,1
2020-02-01,03:20:47,1
2020-02-01,03:21:13,1
2020-02-01,03:21:38,1
2020-02-01,03:22:04,1
2020-02-01,03:22:30,1
2020-02-01,03:22:56,1
2020-02-01,03:23:22,1
2020-02-01,03:23:48,1
2020-02-01,03:24:13,1
2020-02-01,03:24:39,1
2020-02-01,03:25:05,1
2020-02-01,03:25:31,1
2020-02-01,03:25:57,1
2020-02-01,03:26:23,1
2020-02-01,03:26:48,1
2020-02-01,03:27:14,1
2020-02-01,03:27:40,1
2020-02-01,03:28:06,1
2020-02-01,03:28:32,1
2020-02-01,03:28:58,1
2020-02-01,03:29:23,1
2020-02-01,03:29:49,1
2020-02-01,03:30:15,1
2020-02-01,03:30:41,1
2020-02-01,03:31:07,1
2020-02-01,03:31:33,1
2020-02-01,03:31:58,1
2020-02-01,03:32:24,1
2020-02-01,03:32:50,1
2020-02-01,03:33:16,1
2020-02-01,03:33:42,1
2020-02-01,03:34:08,1
2020-02-01,03:34:34,1
2020-02-01,03:34:59,1
2020-02-01,03:35:25,1
2020-02-01,03:35:51,1
2020-02-01,03:36:17,1
2020-02-01,03:36:43,1
2020-02-01,03:37:09,1
2020-02-01,03:37:34,1
2020-02-01,03:38:00,1
2020-02-01,03:38:26,1
2020-02-01,03:38:52,1
2020-02-01,03:39:18,1
2020-02-01,03:39:44,1
2020-02-01,03:40:09,1
2020-02-01,03:40:35,1
2020-02-01,03:41:01,1
2020-02-01,03:41:27,1
2020-02-01,03:41:53,1
2020-02-01,03:42:19,1
2020-02-01,03:42:44,1
2020-02-01,03:43:10,1
2020-02-01,03:43:36,1
2020-02-01,03:44:02,1
2020-02-01,03:44:28,1
2020-02-01,03:44:54,1
2020-02-01,03:45:19,1
2020-02-01,03:45:45,1
2020-02-01,03:46:11,1
2020-02-01,03:46:37,1
2020-02-01,03:47:03,1
2020-02-01,03:47:29,1
2020-02-01,03:47:55,1
2020-02-01,03:48:20,1
2020-02-01,03:48:46,1
2020-02-01,03:49:12,1
2020-02-01,03:49:38,1
2020-02-01,03:50:04,1
2020-02-01,03:50:30,1
2020-02-01,03:50:55,1
2020-02-01,03:51:21,1
2020-02-01,03:51:47,1
2020-02-01,03:52:13,1
2020-02-01,03:52:39,1
2020-02-01,03:53:05,1
2020-02-01,03:53:30,1
2020-02-01,03:53:56,1
2020-02-01,03:54:22,1
2020-02-01,03:54:48,1
2020-02-01,03:55:14,1
2020-02-01,03:55:40,1
2020-02-01,03:56:05,1
2020-02-01,03:56:31,1
2020-02-01,03:56:57,1
2020-02-01,03:57:23,1
2020-02-01,03:57:49,1
2020-02-01,03:58:15,1
2020-02-01,03:58:40,1
2020-02-01,03:59:06,1
2020-02-01,03:59:32,1
2020-02-01,03:59:58,1
2020-02-01,04:00:00,1
2020-02-01,04:00:01,1
2020-02-01,04:00:02,1
2020-02-01,04:00:04,1
2020-02-01,04:00:07,1
2020-02-01,04:00:12,1
2020-02-01,04:00:22,1
2020-02-01,04:00:38,1
2020-02-01,04:01:05,1
2020-02-01,04:01:49,1
2020-02-01,04:03:02,1
2020-02-01,04:05:05,1
2020-02-01,04:07:09,1
2020-02-01,04:11:31,1
2020-02-01,04:17:38,1
2020-02-01,04:23:45,1
2020-02-01,04:35:18,1
2020-02-01,04:50:57,1
2020-02-01,05:00:00,1
2020-02-01,05:05:47,1
2020-02-01,05:17:20,1
2020-02-01,05:28:54,1
2020-02-01,05:41:15,1
2020-02-01,05:53:36,1
2020-02-01,06:00:00,1
2020-02-01,06:00:01,1
2020-02-01,06:00:02,1
2020-02-01,06:00:03,1
2020-02-01,06:00:06,1
2020-02-01,06:00:10,1
2020-02-01,06:00:18,1
2020-02-01,06:00:30,1
2020-02-01,06:00:51,1
2020-02-01,06:01:25,1
2020-02-01,06:02:19,1
2020-02-01,06:03:40,1
2020-02-01,06:06:25,1
2020-02-01,06:09:09,1
2020-02-01,06:15:48,1
2020-02-01,06:22:27,1
2020-02-01,06:29:06,1
2020-02-01,06:50:20,1
2020-02-01,07:00:00,1
2020-02-01,07:00:01,1
2020-02-01,07:00:02,1
2020-02-01,07:00:03,1
2020-02-01,07:00:05,1
2020-02-01,07:00:07,1
2020-02-01,07:00:11,1
2020-02-01,07:00:16,1
2020-02-01,07:00:23,1
2020-02-01,07:00:34,1
2020-02-01,07:00:48,1
2020-02-01,07:01:09,1
2020-02-01,07:01:36,1
2020-02-01,07:02:13,1
2020-02-01,07:03:04,1
2020-02-01,07:03:55,1
2020-02-01,07:05:35,1
2020-02-01,07:07:16,1
2020-02-01,07:09:31,1
2020-02-01,07:12:43,1
2020-02-01,07:15:54,1
2020-02-01,07:22:48,1
2020-02-01,07:29:41,1
2020-02-01,07:38:53,1
2020-02-01,07:51:44,1
2020-02-01,08:00:00,1
2020-02-01,08:00:01,1
2020-02-01,08:00:02,1
2020-02-01,08:00:05,1
2020-02-01,08:00:09,1
2020-02-01,08:00:18,1
2020-02-01,08:00:35,1
2020-02-01,08:01:05,1
2020-02-01,08:01:59,1
2020-02-01,08:03:28,1
2020-02-01,08:06:22,1
2020-02-01,08:09:15,1
2020-02-01,08:14:19,1
2020-02-01,08:19:23,1
2020-02-01,08:26:33,1
2020-02-01,08:42:43,1
2020-02-01,09:00:00,1
2020-02-01,09:00:45,1
2020-02-01,09:02:14,1
2020-02-01,09:06:13,1
2020-02-01,09:11:32,1
2020-02-01,09:20:27,1
2020-02-01,09:33:42,1
2020-02-01,09:50:55,1
2020-02-01,10:00:00,1
2020-02-01,10:00:05,1
2020-02-01,10:00:15,1
2020-02-01,10:00:25,1
2020-02-01,10:00:42,1
2020-02-01,10:00:58,1
2020-02-01,10:01:24,1
2020-02-01,10:01:46,1
2020-02-01,10:02:18,1
2020-02-01,10:02:51,1
2020-02-01,10:03:44,1
2020-02-01,10:05:12,1
2020-02-01,10:06:40,1
2020-02-01,10:08:08,1
2020-02-01,10:10:25,1
2020-02-01,10:12:41,1
2020-02-01,10:16:10,1
2020-02-01,10:21:29,1
2020-02-01,10:22:30,1
2020-02-01,10:23:31,1
2020-02-01,10:28:35,1
2020-02-01,10:36:13,1
2020-02-01,10:49:39,1
2020-02-01,11:00:00,1
2020-02-01,11:00:06,1
2020-02-01,11:00:18,1
2020-02-01,11:00:34,1
2020-02-01,11:00:59,1
2020-02-01,11:01:23,1
2020-02-01,11:01:56,1
2020-02-01,11:02:39,1
2020-02-01,11:03:22,1
2020-02-01,11:04:23,1
2020-02-01,11:05:24,1
2020-02-01,11:06:24,1
2020-02-01,11:08:12,1
2020-02-01,11:09:28,1
2020-02-01,11:11:06,1
2020-02-01,11:13:07,1
2020-02-01,11:17:03,1
2020-02-01,11:21:49,1
2020-02-01,11:26:35,1
2020-02-01,11:33:49,1
2020-02-01,12:00:00,1
2020-02-01,12:04:38,1
2020-02-01,12:13:53,1
2020-02-01,12:23:08,1
2020-02-01,12:34:42,1
2020-02-01,12:43:30,1
2020-02-01,12:58:33,1
2020-02-01,13:00:00,1
2020-02-01,13:12:31,1
2020-02-01,13:37:32,1
2020-02-01,14:00:00,1
2020-02-01,14:04:02,1
2020-02-01,14:12:07,1
2020-02-01,14:31:56,1
2020-02-01,15:00:00,1
2020-02-01,15:05:02,1
2020-02-01,15:15:05,1
2020-02-01,15:25:08,1
2020-02-01,15:34:54,1
2020-02-01,15:44:40,1
2020-02-01,16:00:00,1
2020-02-01,16:01:09,1
2020-02-01,16:03:27,1
2020-02-01,16:05:45,1
2020-02-01,16:08:55,1
2020-02-01,16:12:04,1
2020-02-01,16:16:46,1
2020-02-01,16:21:28,1
2020-02-01,16:31:34,1
2020-02-01,16:53:43,1
2020-02-01,17:00:00,1
2020-02-01,17:08:54,1
2020-02-01,17:26:43,1
2020-02-01,17:39:36,1
2020-02-01,18:00:00,1
2020-02-01,18:01:19,1
2020-02-01,18:03:58,1
2020-02-01,18:06:37,1
2020-02-01,18:10:06,1
2020-02-01,18:13:34,1
2020-02-01,18:18:13,1
2020-02-01,18:22:52,1
2020-02-01,18:38:44,1
2020-02-01,19:00:00,1
2020-02-01,19:24:12,1
2020-02-01,20:00:00,1
2020-02-01,20:07:38,1
2020-02-01,20:22:54,1
2020-02-01,20:38:09,1
2020-02-01,20:58:02,1
2020-02-01,21:00:00,1
2020-02-01,21:14:53,1
2020-02-01,21:44:40,1
2020-02-01,22:00:00,1
2020-02-01,22:09:56,1
2020-02-01,22:29:47,1
2020-02-01,22:44:21,1
2020-02-01,23:00:00,1
2020-02-01,23:03:45,1
2020-02-01,23:11:15,1
2020-02-01,23:24:36,1
2020-02-01,23:43:42,1
2020-03-01,00:00:00,1
2020-03-01,00:05:44,1
2020-03-01,00:17:11,1
2020-03-01,00:32:37,1
2020-03-01,00:54:57,1
2020-03-01,01:00:00,1
2020-03-01,01:22:21,1
2020-03-01,02:00:00,1
2020-03-01,02:00:07,1
2020-03-01,02:00:20,1
2020-03-01,02:00:33,1
2020-03-01,02:00:51,1
2020-03-01,02:01:09,1
2020-03-01,02:01:27,1
2020-03-01,02:01:55,1
2020-03-01,02:02:33,1
2020-03-01,02:03:11,1
2020-03-01,02:03:49,1
2020-03-01,02:05:09,1
2020-03-01,02:06:28,1
2020-03-01,02:08:20,1
2020-03-01,02:10:13,1
2020-03-01,02:12:39,1
2020-03-01,02:15:58,1
2020-03-01,02:22:20,1
2020-03-01,02:32:47,1
2020-03-01,02:45:34,1
2020-03-01,03:00:00,1
2020-03-01,03:00:07,1
2020-03-01,03:00:20,1
2020-03-01,03:00:33,1
2020-03-01,03:01:00,1
2020-03-01,03:01:27,1
2020-03-01,03:02:03,1
2020-03-01,03:02:48,1
2020-03-01,03:03:32,1
2020-03-01,03:04:40,1
2020-03-01,03:05:48,1
2020-03-01,03:06:57,1
2020-03-01,03:09:15,1
2020-03-01,03:10:58,1
2020-03-01,03:13:42,1
2020-03-01,03:17:23,1
2020-03-01,03:23:57,1
2020-03-01,03:34:44,1
2020-03-01,03:49:40,1
2020-03-01,04:00:00,1
2020-03-01,04:01:26,1
2020-03-01,04:04:17,1
2020-03-01,04:08:58,1
2020-03-01,04:13:39,1
2020-03-01,04:21:25,1
2020-03-01,04:29:11,1
2020-03-01,04:42:30,1
2020-03-01,05:00:00,1
2020-03-01,05:00:01,1
2020-03-01,05:00:02,1
2020-03-01,05:00:04,1
2020-03-01,05:00:06,1
2020-03-01,05:00:09,1
2020-03-01,05:00:15,1
2020-03-01,05:00:22,1
2020-03-01,05:00:34,1
2020-03-01,05:00:51,1
2020-03-01,05:01:15,1
2020-03-01,05:01:49,1
2020-03-01,05:02:37,1
2020-03-01,05:03:42,1
2020-03-01,05:05:13,1
2020-03-01,05:07:09,1
2020-03-01,05:09:47,1
2020-03-01,05:13:08,1
2020-03-01,05:16:30,1
2020-03-01,05:21:53,1
2020-03-01,05:27:16,1
2020-03-01,05:34:34,1
2020-03-01,05:43:28,1
2020-03-01,05:52:22,1
2020-03-01,06:00:00,1
2020-03-01,06:00:51,1
2020-03-01,06:02:32,1
2020-03-01,06:04:34,1
2020-03-01,06:07:37,1
2020-03-01,06:10:39,1
2020-03-01,06:16:10,1
2020-03-01,06:21:41,1
2020-03-01,06:29:13,1
2020-03-01,06:52:58,1
2020-03-01,07:00:00,1
2020-03-01,07:02:08,1
2020-03-01,07:06:25,1
2020-03-01,07:12:06,1
2020-03-01,07:17:47,1
2020-03-01,07:24:12,1
2020-03-01,07:30:37,1
2020-03-01,07:41:38,1
2020-03-01,07:58:32,1
2020-03-01,08:00:00,1
2020-03-01,08:08:13,1
2020-03-01,08:24:38,1
2020-03-01,08:37:37,1
2020-03-01,08:58:16,1
2020-03-01,09:00:00,1
2020-03-01,09:00:01,1
2020-03-01,09:00:02,1
2020-03-01,09:00:03,1
2020-03-01,09:00:05,1
2020-03-01,09:00:07,1
2020-03-01,09:00:11,1
2020-03-01,09:00:16,1
2020-03-01,09:00:24,1
2020-03-01,09:00:35,1
2020-03-01,09:00:50,1
2020-03-01,09:01:11,1
2020-03-01,09:01:40,1
2020-03-01,09:02:20,1
2020-03-01,09:03:12,1
2020-03-01,09:04:22,1
2020-03-01,09:05:55,1
2020-03-01,09:07:54,1
2020-03-01,09:10:28,1
2020-03-01,09:13:48,1
2020-03-01,09:17:49,1
2020-03-01,09:23:09,1
2020-03-01,09:29:35,1
2020-03-01,09:37:37,1
2020-03-01,09:47:34,1
2020-03-01,09:59:44,1
2020-03-01,10:00:00,1
2020-03-01,10:00:01,1
2020-03-01,10:00:03,1
2020-03-01,10:00:08,1
2020-03-01,10:00:23,1
2020-03-01,10:00:38,1
2020-03-01,10:00:58,1
2020-03-01,10:01:19,1
2020-03-01,10:01:46,1
2020-03-01,10:02:28,1
2020-03-01,10:03:11,1
2020-03-01,10:04:06,1
2020-03-01,10:05:27,1
2020-03-01,10:06:47,1
2020-03-01,10:08:45,1
2020-03-01,10:10:43,1
2020-03-01,10:13:17,1
2020-03-01,10:17:03,1
2020-03-01,10:25:19,1
2020-03-01,10:36:30,1
2020-03-01,10:47:41,1
2020-03-01,10:58:52,1
2020-03-01,11:00:00,1
2020-03-01,11:00:06,1
2020-03-01,11:00:18,1
2020-03-01,11:00:34,1
2020-03-01,11:00:58,1
2020-03-01,11:01:22,1
2020-03-01,11:01:55,1
2020-03-01,11:02:39,1
2020-03-01,11:03:22,1
2020-03-01,11:04:05,1
2020-03-01,11:04:48,1
2020-03-01,11:05:32,1
2020-03-01,11:06:48,1
2020-03-01,11:07:43,1
2020-03-01,11:09:00,1
2020-03-01,11:10:41,1
2020-03-01,11:13:11,1
2020-03-01,11:16:35,1
2020-03-01,11:23:01,1
2020-03-01,11:29:27,1
2020-03-01,11:39:34,1
2020-03-01,12:00:00,1
2020-03-01,12:26:45,1
2020-03-01,13:00:00,1
2020-03-01,13:01:00,1
2020-03-01,13:02:59,1
2020-03-01,13:06:16,1
2020-03-01,13:11:08,1
2020-03-01,13:16:00,1
2020-03-01,13:22:43,1
2020-03-01,13:29:27,1
2020-03-01,13:41:56,1
2020-03-01,14:00:00,1
2020-03-01,14:05:52,1
2020-03-01,14:17:36,1
2020-03-01,14:29:20,1
2020-03-01,14:40:54,1
2020-03-01,14:52:29,1
2020-03-01,15:00:00,1
2020-03-01,15:16:00,1
2020-03-01,15:48:01,1
2020-03-01,16:00:00,1
2020-03-01,16:01:28,1
2020-03-01,16:04:23,1
2020-03-01,16:07:19,1
2020-03-01,16:10:58,1
2020-03-01,16:14:36,1
2020-03-01,16:19:14,1
2020-03-01,16:24:50,1
2020-03-01,16:36:11,1
2020-03-01,17:00:00,1
2020-03-01,17:05:08,1
2020-03-01,17:15:25,1
2020-03-01,17:23:16,1
2020-03-01,17:32:22,1
2020-03-01,17:41:29,1
2020-03-01,17:56:21,1
2020-03-01,18:00:00,1
2020-03-01,18:01:20,1
2020-03-01,18:04:01,1
2020-03-01,18:07:26,1
2020-03-01,18:10:50,1
2020-03-01,18:15:23,1
2020-03-01,18:19:56,1
2020-03-01,18:26:49,1
2020-03-01,18:40:15,1
2020-03-01,19:00:00,1
2020-03-01,19:05:09,1
2020-03-01,19:15:27,1
2020-03-01,19:23:27,1
2020-03-01,19:32:35,1
2020-03-01,19:41:43,1
2020-03-01,19:56:25,1
2020-03-01,20:00:00,1
2020-03-01,20:04:16,1
2020-03-01,20:12:49,1
2020-03-01,20:29:38,1
2020-03-01,20:46:28,1
2020-03-01,21:00:00,1
2020-03-01,21:42:36,1
2020-03-01,22:00:00,1
2020-03-01,22:46:06,1
2020-03-01,23:00:00,1
2020-03-01,23:05:24,1
2020-03-01,23:16:12,1
2020-03-01,23:34:41,1
2020-04-01,00:00:00,1
2020-04-01,00:03:15,1
2020-04-01,00:09:46,1
2020-04-01,00:29:52,1
2020-04-01,00:55:43,1
2020-04-01,01:00:00,1
2020-04-01,01:07:42,1
2020-04-01,01:23:05,1
2020-04-01,01:38:28,1
2020-04-01,01:58:20,1
2020-04-01,02:00:00,1
2020-04-01,02:00:10,1
2020-04-01,02:00:23,1
2020-04-01,02:00:36,1
2020-04-01,02:00:54,1
2020-04-01,02:01:11,1
2020-04-01,02:01:28,1
2020-04-01,02:01:59,1
2020-04-01,02:02:37,1
2020-04-01,02:03:15,1
2020-04-01,02:03:52,1
2020-04-01,02:05:09,1
2020-04-01,02:06:26,1
2020-04-01,02:08:20,1
2020-04-01,02:10:14,1
2020-04-01,02:12:43,1
2020-04-01,02:16:08,1
2020-04-01,02:23:08,1
2020-04-01,02:33:41,1
2020-04-01,02:44:14,1
2020-04-01,03:00:00,1
2020-04-01,03:00:07,1
2020-04-01,03:00:22,1
2020-04-01,03:00:41,1
2020-04-01,03:01:07,1
2020-04-01,03:01:33,1
2020-04-01,03:02:15,1
2020-04-01,03:02:57,1
2020-04-01,03:03:38,1
2020-04-01,03:05:06,1
2020-04-01,03:06:14,1
2020-04-01,03:08:01,1
2020-04-01,03:10:14,1
2020-04-01,03:12:27,1
2020-04-01,03:14:40,1
2020-04-01,03:20:07,1
2020-04-01,03:29:04,1
2020-04-01,03:38:01,1
2020-04-01,04:00:00,1
2020-04-01,04:02:05,1
2020-04-01,04:06:14,1
2020-04-01,04:10:24,1
2020-04-01,04:16:35,1
2020-04-01,04:24:02,1
2020-04-01,04:31:30,1
2020-04-01,04:45:50,1
2020-04-01,05:00:00,1
2020-04-01,05:04:18,1
2020-04-01,05:12:55,1
2020-04-01,05:24:43,1
2020-04-01,05:39:19,1
2020-04-01,05:53:56,1
2020-04-01,06:00:00,1
2020-04-01,06:07:05,1
2020-04-01,06:21:15,1
2020-04-01,06:39:26,1
2020-04-01,07:00:00,1
2020-04-01,07:00:46,1
2020-04-01,07:02:18,1
2020-04-01,07:04:32,1
2020-04-01,07:07:51,1
2020-04-01,07:11:11,1
2020-04-01,07:16:11,1
2020-04-01,07:21:12,1
2020-04-01,07:29:27,1
2020-04-01,07:47:12,1
2020-04-01,08:00:00,1
2020-04-01,08:27:28,1
2020-04-01,09:00:00,1
2020-04-01,09:02:18,1
2020-04-01,09:06:54,1
2020-04-01,09:16:58,1
2020-04-01,09:29:18,1
2020-04-01,09:51:44,1
2020-04-01,10:00:00,1
2020-04-01,10:00:11,1
2020-04-01,10:00:33,1
2020-04-01,10:00:55,1
2020-04-01,10:01:25,1
2020-04-01,10:01:55,1
2020-04-01,10:02:40,1
2020-04-01,10:03:26,1
2020-04-01,10:04:27,1
2020-04-01,10:05:44,1
2020-04-01,10:07:01,1
2020-04-01,10:09:19,1
2020-04-01,10:11:38,1
2020-04-01,10:14:25,1
2020-04-01,10:18:32,1
2020-04-01,10:22:38,1
2020-04-01,10:32:05,1
2020-04-01,10:41:32,1
2020-04-01,10:59:36,1
2020-04-01,11:00:00,1
2020-04-01,11:00:06,1
2020-04-01,11:00:17,1
2020-04-01,11:00:33,1
2020-04-01,11:00:57,1
2020-04-01,11:01:22,1
2020-04-01,11:01:54,1
2020-04-01,11:02:38,1
2020-04-01,11:03:22,1
2020-04-01,11:04:20,1
2020-04-01,11:05:19,1
2020-04-01,11:06:18,1
2020-04-01,11:07:30,1
2020-04-01,11:08:42,1
2020-04-01,11:10:16,1
2020-04-01,11:12:23,1
2020-04-01,11:15:23,1
2020-04-01,11:20:13,1
2020-04-01,11:27:43,1
2020-04-01,11:35:12,1
2020-04-01,11:50:53,1
2020-04-01,12:00:00,1
2020-04-01,12:07:58,1
2020-04-01,12:23:53,1
2020-04-01,12:39:49,1
2020-04-01,13:00:00,1
2020-04-01,13:01:13,1
2020-04-01,13:03:38,1
2020-04-01,13:06:04,1
2020-04-01,13:08:59,1
2020-04-01,13:11:55,1
2020-04-01,13:16:00,1
2020-04-01,13:20:06,1
2020-04-01,13:29:02,1
2020-04-01,13:54:06,1
2020-04-01,14:00:00,1
2020-04-01,14:15:43,1
2020-04-01,14:47:08,1
2020-04-01,15:00:00,1
2020-04-01,15:07:33,1
2020-04-01,15:22:40,1
2020-04-01,15:37:47,1
2020-04-01,15:57:37,1
2020-04-01,16:00:00,1
2020-04-01,16:00:32,1
2020-04-01,16:01:36,1
2020-04-01,16:03:17,1
2020-04-01,16:05:44,1
2020-04-01,16:08:12,1
2020-04-01,16:11:34,1
2020-04-01,16:15:56,1
2020-04-01,16:20:17,1
2020-04-01,16:28:08,1
2020-04-01,16:50:28,1
2020-04-01,17:00:00,1
2020-04-01,17:08:56,1
2020-04-01,17:26:49,1
2020-04-01,17:44:42,1
2020-04-01,18:00:00,1
2020-04-01,18:06:49,1
2020-04-01,18:20:26,1
2020-04-01,18:30:49,1
2020-04-01,18:43:03,1
2020-04-01,18:55:16,1
2020-04-01,19:00:00,1
2020-04-01,19:09:52,1
2020-04-01,19:29:36,1
2020-04-01,19:49:20,1
2020-04-01,20:00:00,1
2020-04-01,20:09:13,1
2020-04-01,20:27:40,1
2020-04-01,20:42:08,1
2020-04-01,21:00:00,1
2020-04-01,21:01:13,1
2020-04-01,21:03:38,1
2020-04-01,21:06:03,1
2020-04-01,21:09:17,1
2020-04-01,21:12:30,1
2020-04-01,21:17:05,1
2020-04-01,21:21:40,1
2020-04-01,21:35:33,1
2020-04-01,21:59:33,1
2020-04-01,22:00:00,1
2020-04-01,22:06:49,1
2020-04-01,22:20:27,1
2020-04-01,22:30:41,1
2020-04-01,22:48:44,1
2020-04-01,23:00:00,1
2020-04-01,23:01:11,1
2020-04-01,23:03:33,1
2020-04-01,23:07:12,1
2020-04-01,23:11:42,1
2020-04-01,23:16:11,1
2020-04-01,23:22:50,1
2020-04-01,23:30:54,1
2020-04-01,23:44:35,1
2020-05-01,00:00:00,1
2020-05-01,00:09:43,1
2020-05-01,00:29:08,1
2020-05-01,00:48:33,1
2020-05-01,01:00:00,1
2020-05-01,01:17:12,1
2020-05-01,01:51:35,1
2020-05-01,02:00:00,1
2020-05-01,02:00:13,1
2020-05-01,02:00:27,1
2020-05-01,02:00:42,1
2020-05-01,02:00:56,1
2020-05-01,02:01:13,1
2020-05-01,02:01:31,1
2020-05-01,02:02:00,1
2020-05-01,02:02:38,1
2020-05-01,02:03:16,1
2020-05-01,02:03:54,1
2020-05-01,02:05:14,1
2020-05-01,02:06:34,1
2020-05-01,02:08:28,1
2020-05-01,02:10:21,1
2020-05-01,02:12:49,1
2020-05-01,02:16:14,1
2020-05-01,02:22:40,1
2020-05-01,02:33:21,1
2020-05-01,02:44:03,1
2020-05-01,03:00:00,1
2020-05-01,03:00:07,1
2020-05-01,03:00:20,1
2020-05-01,03:00:37,1
2020-05-01,03:01:02,1
2020-05-01,03:01:27,1
2020-05-01,03:02:04,1
2020-05-01,03:02:40,1
2020-05-01,03:03:17,1
2020-05-01,03:03:54,1
2020-05-01,03:05:04,1
2020-05-01,03:06:15,1
2020-05-01,03:07:48,1
2020-05-01,03:09:58,1
2020-05-01,03:12:08,1
2020-05-01,03:15:21,1
2020-05-01,03:20:11,1
2020-05-01,03:31:18,1
2020-05-01,03:42:26,1
2020-05-01,04:00:00,1
2020-05-01,04:02:32,1
2020-05-01,04:07:36,1
2020-05-01,04:20:21,1
2020-05-01,04:37:22,1
2020-05-01,05:00:00,1
2020-05-01,05:08:02,1
2020-05-01,05:16:40,1
2020-05-01,05:16:41,0.01
2020-05-01,05:16:43,0.01
2020-05-01,05:16:44,0.01
2020-05-01,05:16:46,0.01
2020-05-01,05:16:49,0.01
2020-05-01,05:16:53,0.01
2020-05-01,05:16:57,0.01
2020-05-01,05:17:02,0.01
2020-05-01,05:17:07,0.01
2020-05-01,05:17:14,0.01
2020-05-01,05:17:21,0.01
2020-05-01,05:17:32,0.01
2020-05-01,05:17:45,0.01
2020-05-01,05:18:04,0.01
2020-05-01,05:18:31,0.01
2020-05-01,05:19:16,0.01
2020-05-01,05:20:20,0.01
2020-05-01,05:21:39,0.01
2020-05-01,05:22:58,0.01
2020-05-01,05:24:41,0.01
2020-05-01,05:26:24,0.01
2020-05-01,05:28:48,0.01
2020-05-01,05:31:11,0.01
2020-05-01,05:33:35,0.01
2020-05-01,05:34:59,0.01
2020-05-01,05:36:23,0.01
2020-05-01,05:40:46,0.01
2020-05-01,05:42:05,0.01
2020-05-01,05:43:24,0.01
2020-05-01,05:48:22,0.01
2020-05-01,05:53:20,0.01
2020-05-01,05:58:18,0.01
2020-05-01,06:00:00,0.01
2020-05-01,06:04:58,0.01
2020-05-01,06:14:54,0.01
2020-05-01,06:24:51,0.01
2020-05-01,06:42:23,0.01
2020-05-01,06:59:56,0.01
2020-05-01,07:00:00,0.01
2020-05-01,07:08:37,0.01
2020-05-01,07:25:50,0.01
2020-05-01,07:43:03,0.01
2020-05-01,08:00:00,0.01
2020-05-01,08:02:48,0.01
2020-05-01,08:08:25,0.01
2020-05-01,08:14:01,0.01
2020-05-01,08:21:09,0.01
2020-05-01,08:31:04,0.01
2020-05-01,08:44:42,0.01
2020-05-01,09:00:00,0.01
2020-05-01,09:00:01,0.01
2020-05-01,09:00:02,0.01
2020-05-01,09:00:05,0.01
2020-05-01,09:00:09,0.01
2020-05-01,09:00:18,0.01
2020-05-01,09:00:34,0.01
2020-05-01,09:01:05,0.01
2020-05-01,09:01:59,0.01
2020-05-01,09:03:34,0.01
2020-05-01,09:06:18,0.01
2020-05-01,09:10:57,0.01
2020-05-01,09:18:38,0.01
2020-05-01,09:30:57,0.01
2020-05-01,09:50:14,0.01
2020-05-01,10:00:00,0.01
2020-05-01,10:05:20,0.01
2020-05-01,10:12:19,0.01
2020-05-01,10:19:19,0.01
2020-05-01,10:26:19,0.01
2020-05-01,10:35:23,0.01
2020-05-01,10:44:27,0.01
2020-05-01,11:00:00,0.01
2020-05-01,11:03:42,0.01
2020-05-01,11:11:07,0.01
2020-05-01,11:22:38,0.01
2020-05-01,11:37:06,0.01
2020-05-01,11:59:35,0.01
2020-05-01,12:00:00,0.01
2020-05-01,12:03:10,0.01
2020-05-01,12:09:29,0.01
2020-05-01,12:15:49,0.01
2020-05-01,12:23:56,0.01
2020-05-01,12:35:40,0.01
2020-05-01,12:51:40,0.01
2020-05-01,13:00:00,0.01
2020-05-01,13:01:29,0.01
2020-05-01,13:04:26,0.01
2020-05-01,13:14:39,0.01
2020-05-01,13:29:13,0.01
2020-05-01,13:59:47,0.01
2020-05-01,14:00:00,0.01
2020-05-01,14:25:18,0.01
2020-05-01,15:00:00,0.01
2020-05-01,15:02:41,0.01
2020-05-01,15:08:04,0.01
2020-05-01,15:13:27,0.01
2020-05-01,15:20:09,0.01
2020-05-01,15:29:20,0.01
2020-05-01,15:41:55,0.01
2020-05-01,16:00:00,0.01
2020-05-01,16:01:42,0.01
2020-05-01,16:05:06,0.01
2020-05-01,16:08:30,0.01
2020-05-01,16:13:17,0.01
2020-05-01,16:19:05,0.01
2020-05-01,16:28:10,0.01
2020-05-01,16:43:18,0.01
2020-05-01,17:00:00,0.01
2020-05-01,17:06:29,0.01
2020-05-01,17:19:26,0.01
2020-05-01,17:32:23,0.01
2020-05-01,17:45:20,0.01
2020-05-01,17:58:17,0.01
2020-05-01,18:00:00,0.01
2020-05-01,18:25:45,0.01
2020-05-01,19:00:00,0.01
2020-05-01,19:08:20,0.01
2020-05-01,19:25:01,0.01
2020-05-01,19:58:38,0.01
2020-05-01,20:00:00,0.01
2020-05-01,20:11:31,0.01
2020-05-01,20:34:34,0.01
2020-05-01,20:57:37,0.01
2020-05-01,21:00:00,0.01
2020-05-01,21:37:23,0.01
2020-05-01,22:00:00,0.01
2020-05-01,22:10:44,0.01
2020-05-01,22:32:13,0.01
2020-05-01,23:00:00,0.01
2020-05-01,23:02:58,0.01
2020-05-01,23:08:54,0.01
2020-05-01,23:23:36,0.01
2020-05-01,23:43:05,0.01
2020-06-01,00:00:00,0.01
2020-06-01,00:03:55,0.01
2020-06-01,00:11:46,0.01
2020-06-01,00:27:21,0.01
2020-06-01,00:47:20,0.01
2020-06-01,01:00:00,0.01
2020-06-01,01:39:56,0.01
2020-06-01,02:00:00,0.01
2020-06-01,02:05:24,0.01
2020-06-01,02:16:12,0.01
2020-06-01,02:24:03,0.01
2020-06-01,02:40:18,0.01
2020-06-01,02:56:33,0.01
2020-06-01,03:00:00,0.01
2020-06-01,03:08:25,0.01
2020-06-01,03:25:16,0.01
2020-06-01,03:42:06,0.01
2020-06-01,04:00:00,0.01
2020-06-01,04:00:01,0.01
2020-06-01,04:00:02,0.01
2020-06-01,04:00:04,0.01
2020-06-01,04:00:07,0.01
2020-06-01,04:00:12,0.01
2020-06-01,04:00:22,0.01
2020-06-01,04:00:38,0.01
2020-06-01,04:01:06,0.01
2020-06-01,04:01:52,0.01
2020-06-01,04:03:08,0.01
2020-06-01,04:05:08,0.01
2020-06-01,04:08:19,0.01
2020-06-01,04:13:14,0.01
2020-06-01,04:20:41,0.01
2020-06-01,04:31:42,0.01
2020-06-01,04:47:30,0.01
2020-06-01,05:09:57,0.01
2020-06-01,05:39:00,0.01
2020-06-01,06:00:00,0.01
2020-06-01,06:00:01,1
2020-06-01,06:00:02,1
2020-06-01,06:00:03,1
2020-06-01,06:00:05,1
2020-06-01,06:00:08,1
2020-06-01,06:00:11,1
2020-06-01,06:00:15,1
2020-06-01,06:00:16,1
2020-06-01,06:00:18,1
2020-06-01,06:00:19,1
2020-06-01,06:00:20,1
2020-06-01,06:00:27,1
2020-06-01,06:00:33,1
2020-06-01,06:00:41,1
2020-06-01,06:00:44,1
2020-06-01,06:00:46,1
2020-06-01,06:00:55,1
2020-06-01,06:00:57,1
2020-06-01,06:01:00,1
2020-06-01,06:01:10,1
2020-06-01,06:01:19,1
2020-06-01,06:01:31,1
2020-06-01,06:01:43,1
2020-06-01,06:01:59,1
2020-06-01,06:02:22,1
2020-06-01,06:02:44,1
2020-06-01,06:03:07,1
2020-06-01,06:03:29,1
2020-06-01,06:03:52,1
2020-06-01,06:04:04,1
2020-06-01,06:04:16,1
2020-06-01,06:04:28,1
2020-06-01,06:04:39,1
2020-06-01,06:04:53,1
2020-06-01,06:05:08,1
2020-06-01,06:05:12,1
2020-06-01,06:05:17,1
2020-06-01,06:05:23,1
2020-06-01,06:05:28,1
2020-06-01,06:05:30,1
2020-06-01,06:05:31,1
2020-06-01,06:05:32,1
2020-06-01,06:05:33,1
2020-06-01,06:05:34,1
2020-06-01,06:05:35,1
2020-06-01,06:05:36,1
2020-06-01,06:05:37,1
2020-06-01,06:05:38,1
2020-06-01,06:05:39,1
2020-06-01,06:05:40,1
2020-06-01,06:05:41,1
2020-06-01,06:05:42,1
2020-06-01,06:05:43,1
2020-06-01,06:05:44,1
2020-06-01,06:05:45,1
2020-06-01,06:05:46,1
2020-06-01,06:05:47,1
2020-06-01,06:05:48,1
2020-06-01,06:05:49,1
2020-06-01,06:05:50,1
2020-06-01,06:05:51,1
2020-06-01,06:05:52,1
2020-06-01,06:05:53,1
2020-06-01,06:05:54,1
2020-06-01,06:05:55,1
2020-06-01,06:05:56,1
2020-06-01,06:05:57,1
2020-06-01,06:05:58,1
2020-06-01,06:05:59,1
2020-06-01,06:06:00,1
2020-06-01,06:06:01,1
2020-06-01,06:06:02,1
2020-06-01,06:06:03,1
2020-06-01,06:06:04,1
2020-06-01,06:06:05,1
2020-06-01,06:06:06,1
2020-06-01,06:06:07,1
2020-06-01,06:06:08,1
2020-06-01,06:06:09,1
2020-06-01,06:06:10,1
2020-06-01,06:06:11,1
2020-06-01,06:06:12,1
2020-06-01,06:06:13,1
2020-06-01,06:06:14,1
2020-06-01,06:06:15,1
2020-06-01,06:06:16,1
2020-06-01,06:06:17,1
2020-06-01,06:06:18,1
2020-06-01,06:06:19,1
2020-06-01,06:06:20,1
2020-06-01,06:06:21,1
2020-06-01,06:06:22,1
2020-06-01,06:06:23,1
2020-06-01,06:06:24,1
2020-06-01,06:06:25,1
2020-06-01,06:06:26,1
2020-06-01,06:06:27,1
2020-06-01,06:06:28,1
2020-06-01,06:06:29,1
2020-06-01,06:06:30,1
2020-06-01,06:06:31,1
2020-06-01,06:06:32,1
2020-06-01,06:06:33,1
2020-06-01,06:06:34,1
2020-06-01,06:06:35,1
2020-06-01,06:06:36,1
2020-06-01,06:06:37,1
2020-06-01,06:06:39,1
2020-06-01,06:06:42,1
2020-06-01,06:06:45,1
2020-06-01,06:06:49,1
2020-06-01,06:06:55,1
2020-06-01,06:07:04,1
2020-06-01,06:07:15,1
2020-06-01,06:07:35,1
2020-06-01,06:08:02,1
2020-06-01,06:09:07,1
2020-06-01,06:10:12,1
2020-06-01,06:11:52,1
2020-06-01,06:13:32,1
2020-06-01,06:15:12,1
2020-06-01,06:16:53,1
2020-06-01,06:18:33,1
2020-06-01,06:19:51,1
2020-06-01,06:21:08,1
2020-06-01,06:22:26,1
2020-06-01,06:23:24,1
2020-06-01,06:24:22,1
2020-06-01,06:25:20,1
2020-06-01,06:26:04,1
2020-06-01,06:26:49,1
2020-06-01,06:27:33,1
2020-06-01,06:28:08,1
2020-06-01,06:28:42,1
2020-06-01,06:29:17,1
2020-06-01,06:29:44,1
2020-06-01,06:30:12,1
2020-06-01,06:30:39,1
2020-06-01,06:31:07,1
2020-06-01,06:31:34,1
2020-06-01,06:32:02,1
2020-06-01,06:32:29,1
2020-06-01,06:32:57,1
2020-06-01,06:33:24,1
2020-06-01,06:33:52,1
2020-06-01,06:34:19,1
2020-06-01,06:34:47,1
2020-06-01,06:35:14,1
2020-06-01,06:35:42,1
2020-06-01,06:36:09,1
2020-06-01,06:36:37,1
2020-06-01,06:37:04,1
2020-06-01,06:37:31,1
2020-06-01,06:37:59,1
2020-06-01,06:38:26,1
2020-06-01,06:38:54,1
2020-06-01,06:39:21,1
2020-06-01,06:39:49,1
2020-06-01,06:40:16,1
2020-06-01,06:40:44,1
2020-06-01,06:41:11,1
2020-06-01,06:41:39,1
2020-06-01,06:42:06,1
2020-06-01,06:42:34,1
2020-06-01,06:43:01,1
2020-06-01,06:43:29,1
2020-06-01,06:43:56,1
2020-06-01,06:44:24,1
2020-06-01,06:44:51,1
2020-06-01,06:45:19,1
2020-06-01,06:45:46,1
2020-06-01,06:46:14,1
2020-06-01,06:46:41,1
2020-06-01,06:47:09,1
2020-06-01,06:47:36,1
2020-06-01,06:48:04,1
2020-06-01,06:48:31,1
2020-06-01,06:48:59,1
2020-06-01,06:49:26,1
2020-06-01,06:49:54,1
2020-06-01,06:50:21,1
2020-06-01,06:50:49,1
2020-06-01,06:51:16,1
2020-06-01,06:51:44,1
2020-06-01,06:52:11,1
2020-06-01,06:52:38,1
2020-06-01,06:53:06,1
2020-06-01,06:53:33,1
2020-06-01,06:54:01,1
2020-06-01,06:54:28,1
2020-06-01,06:54:56,1
2020-06-01,06:55:23,1
2020-06-01,06:55:51,1
2020-06-01,06:56:18,1
2020-06-01,06:56:46,1
2020-06-01,06:57:13,1
2020-06-01,06:57:41,1
2020-06-01,06:58:08,1
2020-06-01,06:58:36,1
2020-06-01,06:59:03,1
2020-06-01,06:59:31,1
2020-06-01,06:59:58,1
2020-06-01,07:00:00,1
2020-06-01,07:00:01,1
2020-06-01,07:00:02,1
2020-06-01,07:00:04,1
2020-06-01,07:00:08,1
2020-06-01,07:00:16,1
2020-06-01,07:00:33,1
2020-06-01,07:01:06,1
2020-06-01,07:02:08,1
2020-06-01,07:04:10,1
2020-06-01,07:06:45,1
2020-06-01,07:11:05,1
2020-06-01,07:17:48,1
2020-06-01,07:24:30,1
2020-06-01,07:35:57,1
2020-06-01,08:00:00,1
2020-06-01,08:01:25,1
2020-06-01,08:04:14,1
2020-06-01,08:07:04,1
2020-06-01,08:09:54,1
2020-06-01,08:15:00,1
2020-06-01,08:20:07,1
2020-06-01,08:27:15,1
2020-06-01,08:51:29,1
2020-06-01,09:00:00,1
2020-06-01,09:00:01,1
2020-06-01,09:00:02,1
2020-06-01,09:00:04,1
2020-06-01,09:00:08,1
2020-06-01,09:00:17,1
2020-06-01,09:00:33,1
2020-06-01,09:01:02,1
2020-06-01,09:01:56,1
2020-06-01,09:03:32,1
2020-06-01,09:06:40,1
2020-06-01,09:10:57,1
2020-06-01,09:19:38,1
2020-06-01,09:32:26,1
2020-06-01,09:49:33,1
2020-06-01,10:00:00,1
2020-06-01,10:00:04,1
2020-06-01,10:00:13,1
2020-06-01,10:00:26,1
2020-06-01,10:00:44,1
2020-06-01,10:01:02,1
2020-06-01,10:01:24,1
2020-06-01,10:01:46,1
2020-06-01,10:02:21,1
2020-06-01,10:03:18,1
2020-06-01,10:04:55,1
2020-06-01,10:06:32,1
2020-06-01,10:09:09,1
2020-06-01,10:12:48,1
2020-06-01,10:17:29,1
2020-06-01,10:24:31,1
2020-06-01,10:38:42,1
2020-06-01,10:56:50,1
2020-06-01,11:00:00,1
2020-06-01,11:00:06,1
2020-06-01,11:00:19,1
2020-06-01,11:00:44,1
2020-06-01,11:01:19,1
2020-06-01,11:01:54,1
2020-06-01,11:02:14,1
2020-06-01,11:02:35,1
2020-06-01,11:03:24,1
2020-06-01,11:04:13,1
2020-06-01,11:04:50,1
2020-06-01,11:05:27,1
2020-06-01,11:06:26,1
2020-06-01,11:07:25,1
2020-06-01,11:08:43,1
2020-06-01,11:10:27,1
2020-06-01,11:12:55,1
2020-06-01,11:16:20,1
2020-06-01,11:22:43,1
2020-06-01,11:29:07,1
2020-06-01,11:39:07,1
2020-06-01,12:00:00,1
2020-06-01,12:07:52,1
2020-06-01,12:23:35,1
2020-06-01,12:35:21,1
2020-06-01,12:48:32,1
2020-06-01,13:00:00,1
2020-06-01,13:01:11,1
2020-06-01,13:03:34,1
2020-06-01,13:06:59,1
2020-06-01,13:11:16,1
2020-06-01,13:15:32,1
2020-06-01,13:21:55,1
2020-06-01,13:28:18,1
2020-06-01,13:41:55,1
2020-06-01,14:00:00,1
2020-06-01,14:07:23,1
2020-06-01,14:22:08,1
2020-06-01,14:36:53,1
2020-06-01,14:52:52,1
2020-06-01,15:00:00,1
2020-06-01,15:09:24,1
2020-06-01,15:28:11,1
2020-06-01,15:43:07,1
2020-06-01,16:00:00,1
2020-06-01,16:09:03,1
2020-06-01,16:27:08,1
2020-06-01,16:45:13,1
2020-06-01,17:00:00,1
2020-06-01,17:08:13,1
2020-06-01,17:24:38,1
2020-06-01,17:37:24,1
2020-06-01,17:53:26,1
2020-06-01,18:00:00,1
2020-06-01,18:10:30,1
2020-06-01,18:31:29,1
2020-06-01,18:52:29,1
2020-06-01,19:00:00,1
2020-06-01,19:07:16,1
2020-06-01,19:21:48,1
2020-06-01,19:32:00,1
2020-06-01,19:44:32,1
2020-06-01,19:57:05,1
2020-06-01,20:00:00,1
2020-06-01,20:09:05,1
2020-06-01,20:27:15,1
2020-06-01,20:41:08,1
2020-06-01,21:00:00,1
2020-06-01,21:07:55,1
2020-06-01,21:23:44,1
2020-06-01,21:36:04,1
2020-06-01,21:56:33,1
2020-06-01,22:00:00,1
2020-06-01,22:15:55,1
2020-06-01,22:47:45,1
2020-06-01,23:00:00,1
2020-06-01,23:29:03,1
2020-07-01,00:00:00,1
2020-07-01,00:11:10,1
2020-07-01,00:33:29,1
2020-07-01,00:55:48,1
2020-07-01,01:00:00,1
2020-07-01,01:30:22,1
2020-07-01,02:00:00,1
2020-07-01,02:00:18,1
2020-07-01,02:00:34,1
2020-07-01,02:00:49,1
2020-07-01,02:01:09,1
2020-07-01,02:01:29,1
2020-07-01,02:01:49,1
2020-07-01,02:02:24,1
2020-07-01,02:03:16,1
2020-07-01,02:04:09,1
2020-07-01,02:06:00,1
2020-07-01,02:07:52,1
2020-07-01,02:10:39,1
2020-07-01,02:14:13,1
2020-07-01,02:19:46,1
2020-07-01,02:30:08,1
2020-07-01,02:40:31,1
2020-07-01,02:58:56,1
2020-07-01,03:00:00,1
2020-07-01,03:00:07,1
2020-07-01,03:00:22,1
2020-07-01,03:00:36,1
2020-07-01,03:01:16,1
2020-07-01,03:01:56,1
2020-07-01,03:03:12,1
2020-07-01,03:04:28,1
2020-07-01,03:05:44,1
2020-07-01,03:07:00,1
2020-07-01,03:08:57,1
2020-07-01,03:10:54,1
2020-07-01,03:13:50,1
2020-07-01,03:18:24,1
2020-07-01,03:28:33,1
2020-07-01,03:38:42,1
2020-07-01,03:57:47,1
2020-07-01,04:00:00,1
2020-07-01,04:40:38,1
2020-07-01,05:00:00,1
2020-07-01,05:16:08,1
2020-07-01,05:48:24,1
2020-07-01,06:00:00,1
2020-07-01,06:00:38,1
2020-07-01,06:01:53,1
2020-07-01,06:04:25,1
2020-07-01,06:08:43,1
2020-07-01,06:13:01,1
2020-07-01,06:22:19,1
2020-07-01,06:29:15,1
2020-07-01,06:48:52,1
2020-07-01,07:00:00,1
2020-07-01,07:00:40,1
2020-07-01,07:02:01,1
2020-07-01,07:03:21,1
2020-07-01,07:07:03,1
2020-07-01,07:09:39,1
2020-07-01,07:16:12,1
2020-07-01,07:20:55,1
2020-07-01,07:28:34,1
2020-07-01,07:47:26,1
2020-07-01,08:00:00,1
2020-07-01,08:01:42,1
2020-07-01,08:05:06,1
2020-07-01,08:09:49,1
2020-07-01,08:14:32,1
2020-07-01,08:23:09,1
2020-07-01,08:31:46,1
2020-07-01,08:52:54,1
2020-07-01,09:00:00,1
2020-07-01,09:00:01,1
2020-07-01,09:00:02,1
2020-07-01,09:00:03,1
2020-07-01,09:00:06,1
2020-07-01,09:00:10,1
2020-07-01,09:00:17,1
2020-07-01,09:00:27,1
2020-07-01,09:00:44,1
2020-07-01,09:01:11,1
2020-07-01,09:01:52,1
2020-07-01,09:02:54,1
2020-07-01,09:04:25,1
2020-07-01,09:06:44,1
2020-07-01,09:09:52,1
2020-07-01,09:14:25,1
2020-07-01,09:21:23,1
2020-07-01,09:28:20,1
2020-07-01,09:40:33,1
2020-07-01,09:56:11,1
2020-07-01,10:00:00,1
2020-07-01,10:00:01,1
2020-07-01,10:00:02,1
2020-07-01,10:00:03,1
2020-07-01,10:00:04,1
2020-07-01,10:00:05,1
2020-07-01,10:00:07,1
2020-07-01,10:00:09,1
2020-07-01,10:00:12,1
2020-07-01,10:00:15,1
2020-07-01,10:00:20,1
2020-07-01,10:00:24,1
2020-07-01,10:00:30,1
2020-07-01,10:00:36,1
2020-07-01,10:00:46,1
2020-07-01,10:00:58,1
2020-07-01,10:01:15,1
2020-07-01,10:01:54,1
2020-07-01,10:02:33,1
2020-07-01,10:03:46,1
2020-07-01,10:05:21,1
2020-07-01,10:07:37,1
2020-07-01,10:09:54,1
2020-07-01,10:13:59,1
2020-07-01,10:18:55,1
2020-07-01,10:30:49,1
2020-07-01,10:42:44,1
2020-07-01,11:00:00,1
2020-07-01,11:00:06,1
2020-07-01,11:00:19,1
2020-07-01,11:00:44,1
2020-07-01,11:01:19,1
2020-07-01,11:01:54,1
2020-07-01,11:02:14,1
2020-07-01,11:02:34,1
2020-07-01,11:03:22,1
2020-07-01,11:04:11,1
2020-07-01,11:04:46,1
2020-07-01,11:05:31,1
2020-07-01,11:06:26,1
2020-07-01,11:07:21,1
2020-07-01,11:08:43,1
2020-07-01,11:10:35,1
2020-07-01,11:13:15,1
2020-07-01,11:16:58,1
2020-07-01,11:24:12,1
2020-07-01,11:31:25,1
2020-07-01,11:43:33,1
2020-07-01,12:00:00,1
2020-07-01,12:17:05,1
2020-07-01,12:51:14,1
2020-07-01,13:00:00,1
2020-07-01,13:09:07,1
2020-07-01,13:27:21,1
2020-07-01,13:45:35,1
2020-07-01,14:00:00,1
2020-07-01,14:06:28,1
2020-07-01,14:19:24,1
2020-07-01,14:32:21,1
2020-07-01,14:53:17,1
2020-07-01,15:00:00,1
2020-07-01,15:00:25,1
2020-07-01,15:01:14,1
2020-07-01,15:02:58,1
2020-07-01,15:05:49,1
2020-07-01,15:08:40,1
2020-07-01,15:11:31,1
2020-07-01,15:16:57,1
2020-07-01,15:22:23,1
2020-07-01,15:31:58,1
2020-07-01,15:55:07,1
2020-07-01,16:00:00,1
2020-07-01,16:31:35,1
2020-07-01,17:00:00,1
2020-07-01,17:19:26,1
2020-07-01,17:58:19,1
2020-07-01,18:00:00,1
2020-07-01,18:18:00,1
2020-07-01,18:54:00,1
2020-07-01,19:00:00,1
2020-07-01,19:07:38,1
2020-07-01,19:22:53,1
2020-07-01,19:53:23,1
2020-07-01,20:00:00,1
2020-07-01,20:06:44,1
2020-07-01,20:20:13,1
2020-07-01,20:30:37,1
2020-07-01,20:43:33,1
2020-07-01,20:56:29,1
2020-07-01,21:00:00,1
2020-07-01,21:18:00,1
2020-07-01,21:54:01,1
2020-07-01,22:00:00,1
2020-07-01,22:05:43,1
2020-07-01,22:17:10,1
2020-07-01,22:28:36,1
2020-07-01,22:40:26,1
2020-07-01,22:52:17,1
2020-07-01,23:00:00,1
2020-07-01,23:09:45,1
2020-07-01,23:29:14,1
2020-07-01,23:43:58,1
2020-08-01,00:00:00,1
2020-08-01,00:08:49,1
2020-08-01,00:26:29,1
2020-08-01,00:40:30,1
2020-08-01,01:00:00,1
2020-08-01,01:13:34,1
2020-08-01,01:40:42,1
2020-08-01,02:00:00,1
2020-08-01,02:00:13,1
2020-08-01,02:00:29,1
2020-08-01,02:00:44,1
2020-08-01,02:01:05,1
2020-08-01,02:01:26,1
2020-08-01,02:01:48,1
2020-08-01,02:02:28,1
2020-08-01,02:03:30,1
2020-08-01,02:04:32,1
2020-08-01,02:06:34,1
2020-08-01,02:08:36,1
2020-08-01,02:11:49,1
2020-08-01,02:16:06,1
2020-08-01,02:22:56,1
2020-08-01,02:33:54,1
2020-08-01,02:49:32,1
2020-08-01,03:00:00,1
2020-08-01,03:00:08,1
2020-08-01,03:00:23,1
2020-08-01,03:00:51,1
2020-08-01,03:01:29,1
2020-08-01,03:02:07,1
2020-08-01,03:02:31,1
2020-08-01,03:02:55,1
2020-08-01,03:04:21,1
2020-08-01,03:05:47,1
2020-08-01,03:07:12,1
2020-08-01,03:10:23,1
2020-08-01,03:13:33,1
2020-08-01,03:18:13,1
2020-08-01,03:26:50,1
2020-08-01,03:41:24,1
2020-08-01,04:00:00,1
2020-08-01,04:22:34,1
2020-08-01,05:00:00,1
2020-08-01,05:36:16,1
2020-08-01,06:00:00,1
2020-08-01,07:00:00,1
2020-08-01,07:05:24,1
2020-08-01,07:16:12,1
2020-08-01,07:27:00,1
2020-08-01,07:37:48,1
2020-08-01,07:54:53,1
2020-08-01,08:00:00,1
2020-08-01,08:02:12,1
2020-08-01,08:06:36,1
2020-08-01,08:11:00,1
2020-08-01,08:17:29,1
2020-08-01,08:26:05,1
2020-08-01,08:39:01,1
2020-08-01,09:00:00,1
2020-08-01,09:21:08,1
2020-08-01,10:00:00,1
2020-08-01,10:00:05,1
2020-08-01,10:00:15,1
2020-08-01,10:00:31,1
2020-08-01,10:00:56,1
2020-08-01,10:01:16,1
2020-08-01,10:01:56,1
2020-08-01,10:02:37,1
2020-08-01,10:03:44,1
2020-08-01,10:05:20,1
2020-08-01,10:07:33,1
2020-08-01,10:09:46,1
2020-08-01,10:13:50,1
2020-08-01,10:17:55,1
2020-08-01,10:28:33,1
2020-08-01,10:43:24,1
2020-08-01,11:00:00,1
2020-08-01,11:00:01,1
2020-08-01,11:00:03,1
2020-08-01,11:00:05,1
2020-08-01,11:00:09,1
2020-08-01,11:00:16,1
2020-08-01,11:00:28,1
2020-08-01,11:00:46,1
2020-08-01,11:01:14,1
2020-08-01,11:01:43,1
2020-08-01,11:01:55,1
2020-08-01,11:02:08,1
2020-08-01,11:02:12,1
2020-08-01,11:02:17,1
2020-08-01,11:02:22,1
2020-08-01,11:02:27,1
2020-08-01,11:02:30,1
2020-08-01,11:02:34,1
2020-08-01,11:02:37,1
2020-08-01,11:02:40,1
2020-08-01,11:02:42,1
2020-08-01,11:02:44,1
2020-08-01,11:02:46,1
2020-08-01,11:02:47,1
2020-08-01,11:02:48,1
2020-08-01,11:02:49,1
2020-08-01,11:02:50,1
2020-08-01,11:02:51,1
2020-08-01,11:02:52,1
2020-08-01,11:02:53,1
2020-08-01,11:02:54,1
2020-08-01,11:02:55,1
2020-08-01,11:02:56,1
2020-08-01,11:02:57,1
2020-08-01,11:02:58,1
2020-08-01,11:02:59,1
2020-08-01,11:03:00,1
2020-08-01,11:03:01,1
2020-08-01,11:03:02,1
2020-08-01,11:03:03,1
2020-08-01,11:03:04,1
2020-08-01,11:03:05,1
2020-08-01,11:03:06,1
2020-08-01,11:03:07,1
2020-08-01,11:03:08,1
2020-08-01,11:03:09,1
2020-08-01,11:03:10,1
2020-08-01,11:03:11,1
2020-08-01,11:03:12,1
2020-08-01,11:03:13,1
2020-08-01,11:03:14,1
2020-08-01,11:03:15,1
2020-08-01,11:03:16,1
2020-08-01,11:03:17,1
2020-08-01,11:03:18,1
2020-08-01,11:03:19,1
2020-08-01,11:03:20,1
2020-08-01,11:03:21,1
2020-08-01,11:03:22,1
2020-08-01,11:03:23,1
2020-08-01,11:03:24,1
2020-08-01,11:03:25,1
2020-08-01,11:03:26,1
2020-08-01,11:03:27,1
2020-08-01,11:03:28,1
2020-08-01,11:03:29,1
2020-08-01,11:03:30,1
2020-08-01,11:03:31,1
2020-08-01,11:03:32,1
2020-08-01,11:03:33,1
2020-08-01,11:03:34,1
2020-08-01,11:03:35,1
2020-08-01,11:03:36,1
2020-08-01,11:03:37,1
2020-08-01,11:03:38,1
2020-08-01,11:03:39,1
2020-08-01,11:03:40,1
2020-08-01,11:03:41,1
2020-08-01,11:03:42,1
2020-08-01,11:03:43,1
2020-08-01,11:03:44,1
2020-08-01,11:03:45,1
2020-08-01,11:03:46,1
2020-08-01,11:03:47,1
2020-08-01,11:03:48,1
2020-08-01,11:03:49,1
2020-08-01,11:03:50,1
2020-08-01,11:03:51,1
2020-08-01,11:03:52,1
2020-08-01,11:03:53,1
2020-08-01,11:03:54,1
2020-08-01,11:03:55,1
2020-08-01,11:03:56,1
2020-08-01,11:03:57,1
2020-08-01,11:03:58,1
2020-08-01,11:03:59,1
2020-08-01,11:04:00,1
2020-08-01,11:04:01,1
2020-08-01,11:04:02,1
2020-08-01,11:04:03,1
2020-08-01,11:04:04,1
2020-08-01,11:04:05,1
2020-08-01,11:04:06,1
2020-08-01,11:04:07,1
2020-08-01,11:04:08,1
2020-08-01,11:04:09,1
2020-08-01,11:04:10,1
2020-08-01,11:04:11,1
2020-08-01,11:04:12,1
2020-08-01,11:04:13,1
2020-08-01,11:04:14,1
2020-08-01,11:04:15,1
2020-08-01,11:04:16,1
2020-08-01,11:04:17,1
2020-08-01,11:04:18,1
2020-08-01,11:04:19,1
2020-08-01,11:04:20,1
2020-08-01,11:04:21,1
2020-08-01,11:04:22,1
2020-08-01,11:04:23,1
2020-08-01,11:04:24,1
2020-08-01,11:04:25,1
2020-08-01,11:04:26,1
2020-08-01,11:04:27,1
2020-08-01,11:04:28,1
2020-08-01,11:04:29,1
2020-08-01,11:04:30,1
2020-08-01,11:04:31,1
2020-08-01,11:04:32,1
2020-08-01,11:04:33,1
2020-08-01,11:04:34,1
2020-08-01,11:04:35,1
2020-08-01,11:04:36,1
2020-08-01,11:04:37,1
2020-08-01,11:04:38,1
2020-08-01,11:04:39,1
2020-08-01,11:04:40,1
2020-08-01,11:04:41,1
2020-08-01,11:04:42,1
2020-08-01,11:04:43,1
2020-08-01,11:04:44,1
2020-08-01,11:04:45,1
2020-08-01,11:04:46,1
2020-08-01,11:04:47,1
2020-08-01,11:04:48,1
2020-08-01,11:04:49,1
2020-08-01,11:04:50,1
2020-08-01,11:04:51,1
2020-08-01,11:04:52,1
2020-08-01,11:04:53,1
2020-08-01,11:04:55,1
2020-08-01,11:04:56,1
2020-08-01,11:04:57,1
2020-08-01,11:04:58,1
2020-08-01,11:05:00,1
2020-08-01,11:05:02,1
2020-08-01,11:05:03,1
2020-08-01,11:05:05,1
2020-08-01,11:05:06,1
2020-08-01,11:05:08,1
2020-08-01,11:05:10,1
2020-08-01,11:05:12,1
2020-08-01,11:05:14,1
2020-08-01,11:05:16,1
2020-08-01,11:05:18,1
2020-08-01,11:05:20,1
2020-08-01,11:05:23,1
2020-08-01,11:05:25,1
2020-08-01,11:05:28,1
2020-08-01,11:05:31,1
2020-08-01,11:05:34,1
2020-08-01,11:05:37,1
2020-08-01,11:05:41,1
2020-08-01,11:05:45,1
2020-08-01,11:05:48,1
2020-08-01,11:05:52,1
2020-08-01,11:05:57,1
2020-08-01,11:06:02,1
2020-08-01,11:06:07,1
2020-08-01,11:06:12,1
2020-08-01,11:06:18,1
2020-08-01,11:06:24,1
2020-08-01,11:06:30,1
2020-08-01,11:06:37,1
2020-08-01,11:06:44,1
2020-08-01,11:06:53,1
2020-08-01,11:07:01,1
2020-08-01,11:07:09,1
2020-08-01,11:07:19,1
2020-08-01,11:07:29,1
2020-08-01,11:07:39,1
2020-08-01,11:07:51,1
2020-08-01,11:08:03,1
2020-08-01,11:08:15,1
2020-08-01,11:08:27,1
2020-08-01,11:08:39,1
2020-08-01,11:08:52,1
2020-08-01,11:09:04,1
2020-08-01,11:09:16,1
2020-08-01,11:09:28,1
2020-08-01,11:09:40,1
2020-08-01,11:09:52,1
2020-08-01,11:10:04,1
2020-08-01,11:10:16,1
2020-08-01,11:10:28,1
2020-08-01,11:10:40,1
2020-08-01,11:10:52,1
2020-08-01,11:11:04,1
2020-08-01,11:11:16,1
2020-08-01,11:11:28,1
2020-08-01,11:11:40,1
2020-08-01,11:11:52,1
2020-08-01,11:12:04,1
2020-08-01,11:12:16,1
2020-08-01,11:12:28,1
2020-08-01,11:12:40,1
2020-08-01,11:12:52,1
2020-08-01,11:13:05,1
2020-08-01,11:13:17,1
2020-08-01,11:13:29,1
2020-08-01,11:13:41,1
2020-08-01,11:13:53,1
2020-08-01,11:14:05,1
2020-08-01,11:14:17,1
2020-08-01,11:14:29,1
2020-08-01,11:14:41,1
2020-08-01,11:14:53,1
2020-08-01,11:15:05,1
2020-08-01,11:15:17,1
2020-08-01,11:15:29,1
2020-08-01,11:15:41,1
2020-08-01,11:15:53,1
2020-08-01,11:16:05,1
2020-08-01,11:16:17,1
2020-08-01,11:16:29,1
2020-08-01,11:16:41,1
2020-08-01,11:16:53,1
2020-08-01,11:17:05,1
2020-08-01,11:17:18,1
2020-08-01,11:17:30,1
2020-08-01,11:17:42,1
2020-08-01,11:17:54,1
2020-08-01,11:18:06,1
2020-08-01,11:18:18,1
2020-08-01,11:18:30,1
2020-08-01,11:18:42,1
2020-08-01,11:18:54,1
2020-08-01,11:19:06,1
2020-08-01,11:19:18,1
2020-08-01,11:19:30,1
2020-08-01,11:19:42,1
2020-08-01,11:19:54,1
2020-08-01,11:20:06,1
2020-08-01,11:20:18,1
2020-08-01,11:20:30,1
2020-08-01,11:20:42,1
2020-08-01,11:20:54,1
2020-08-01,11:21:06,1
2020-08-01,11:21:18,1
2020-08-01,11:21:31,1
2020-08-01,11:21:43,1
2020-08-01,11:21:55,1
2020-08-01,11:22:07,1
2020-08-01,11:22:19,1
2020-08-01,11:22:31,1
2020-08-01,11:22:43,1
2020-08-01,11:22:55,1
2020-08-01,11:23:07,1
2020-08-01,11:23:19,1
2020-08-01,11:23:31,1
2020-08-01,11:23:43,1
2020-08-01,11:23:55,1
2020-08-01,11:24:07,1
2020-08-01,11:24:19,1
2020-08-01,11:24:31,1
2020-08-01,11:24:43,1
2020-08-01,11:24:55,1
2020-08-01,11:25:07,1
2020-08-01,11:25:19,1
2020-08-01,11:25:31,1
2020-08-01,11:25:44,1
2020-08-01,11:25:56,1
2020-08-01,11:26:08,1
2020-08-01,11:26:20,1
2020-08-01,11:26:32,1
2020-08-01,11:26:44,1
2020-08-01,11:26:56,1
2020-08-01,11:27:08,1
2020-08-01,11:27:20,1
2020-08-01,11:27:32,1
2020-08-01,11:27:44,1
2020-08-01,11:27:56,1
2020-08-01,11:28:08,1
2020-08-01,11:28:20,1
2020-08-01,11:28:32,1
2020-08-01,11:28:44,1
2020-08-01,11:28:56,1
2020-08-01,11:29:08,1
2020-08-01,11:29:20,1
2020-08-01,11:29:32,1
2020-08-01,11:29:44,1
2020-08-01,11:29:57,1
2020-08-01,11:30:09,1
2020-08-01,11:30:21,1
2020-08-01,11:30:33,1
2020-08-01,11:30:45,1
2020-08-01,11:30:57,1
2020-08-01,11:31:09,1
2020-08-01,11:31:21,1
2020-08-01,11:31:33,1
2020-08-01,11:31:45,1
2020-08-01,11:31:57,1
2020-08-01,11:32:09,1
2020-08-01,11:32:21,1
2020-08-01,11:32:33,1
2020-08-01,11:32:45,1
2020-08-01,11:32:57,1
2020-08-01,11:33:09,1
2020-08-01,11:33:21,1
2020-08-01,11:33:33,1
2020-08-01,11:33:45,1
2020-08-01,11:33:57,1
2020-08-01,11:34:10,1
2020-08-01,11:34:22,1
2020-08-01,11:34:34,1
2020-08-01,11:34:46,1
2020-08-01,11:34:58,1
2020-08-01,11:35:10,1
2020-08-01,11:35:22,1
2020-08-01,11:35:34,1
2020-08-01,11:35:46,1
2020-08-01,11:35:58,1
2020-08-01,11:36:10,1
2020-08-01,11:36:22,1
2020-08-01,11:36:34,1
2020-08-01,11:36:46,1
2020-08-01,11:36:58,1
2020-08-01,11:37:10,1
2020-08-01,11:37:22,1
2020-08-01,11:37:34,1
2020-08-01,11:37:46,1
2020-08-01,11:37:58,1
2020-08-01,11:38:10,1
2020-08-01,11:38:23,1
2020-08-01,11:38:35,1
2020-08-01,11:38:47,1
2020-08-01,11:38:59,1
2020-08-01,11:39:11,1
2020-08-01,11:39:23,1
2020-08-01,11:39:35,1
2020-08-01,11:39:47,1
2020-08-01,11:39:59,1
2020-08-01,11:40:11,1
2020-08-01,11:40:23,1
2020-08-01,11:40:35,1
2020-08-01,11:40:47,1
2020-08-01,11:40:59,1
2020-08-01,11:41:11,1
2020-08-01,11:41:23,1
2020-08-01,11:41:35,1
2020-08-01,11:41:47,1
2020-08-01,11:41:59,1
2020-08-01,11:42:11,1
2020-08-01,11:42:23,1
2020-08-01,11:42:36,1
2020-08-01,11:42:48,1
2020-08-01,11:43:00,1
2020-08-01,11:43:12,1
2020-08-01,11:43:24,1
2020-08-01,11:43:36,1
2020-08-01,11:43:48,1
2020-08-01,11:44:00,1
2020-08-01,11:44:12,1
2020-08-01,11:44:24,1
2020-08-01,11:44:36,1
2020-08-01,11:44:48,1
2020-08-01,11:45:00,1
2020-08-01,11:45:12,1
2020-08-01,11:45:24,1
2020-08-01,11:45:36,1
2020-08-01,11:45:48,1
2020-08-01,11:46:00,1
2020-08-01,11:46:12,1
2020-08-01,11:46:24,1
2020-08-01,11:46:36,1
2020-08-01,11:46:49,1
2020-08-01,11:47:01,1
2020-08-01,11:47:13,1
2020-08-01,11:47:25,1
2020-08-01,11:47:37,1
2020-08-01,11:47:49,1
2020-08-01,11:48:01,1
2020-08-01,11:48:13,1
2020-08-01,11:48:25,1
2020-08-01,11:48:37,1
2020-08-01,11:48:49,1
2020-08-01,11:49:01,1
2020-08-01,11:49:13,1
2020-08-01,11:49:25,1
2020-08-01,11:49:37,1
2020-08-01,11:49:49,1
2020-08-01,11:50:01,1
2020-08-01,11:50:13,1
2020-08-01,11:50:25,1
2020-08-01,11:50:37,1
2020-08-01,11:50:49,1
2020-08-01,11:51:02,1
2020-08-01,11:51:14,1
2020-08-01,11:51:26,1
2020-08-01,11:51:38,1
2020-08-01,11:51:50,1
2020-08-01,11:52:02,1
2020-08-01,11:52:14,1
2020-08-01,11:52:26,1
2020-08-01,11:52:38,1
2020-08-01,11:52:50,1
2020-08-01,11:53:02,1
2020-08-01,11:53:14,1
2020-08-01,11:53:26,1
2020-08-01,11:53:38,1
2020-08-01,11:53:50,1
2020-08-01,11:54:02,1
2020-08-01,11:54:14,1
2020-08-01,11:54:26,1
2020-08-01,11:54:38,1
2020-08-01,11:54:50,1
2020-08-01,11:55:02,1
2020-08-01,11:55:15,1
2020-08-01,11:55:27,1
2020-08-01,11:55:39,1
2020-08-01,11:55:51,1
2020-08-01,11:56:03,1
2020-08-01,11:56:15,1
2020-08-01,11:56:27,1
2020-08-01,11:56:39,1
2020-08-01,11:56:51,1
2020-08-01,11:57:03,1
2020-08-01,11:57:15,1
2020-08-01,11:57:27,1
2020-08-01,11:57:39,1
2020-08-01,11:57:51,1
2020-08-01,11:58:03,1
2020-08-01,11:58:15,1
2020-08-01,11:58:27,1
2020-08-01,11:58:39,1
2020-08-01,11:58:51,1
2020-08-01,11:59:03,1
2020-08-01,11:59:15,1
2020-08-01,11:59:28,1
2020-08-01,11:59:40,1
2020-08-01,11:59:52,1
2020-08-01,12:00:00,1
2020-08-01,12:00:05,1
2020-08-01,12:00:16,1
2020-08-01,12:00:37,1
2020-08-01,12:01:03,1
2020-08-01,12:03:11,1
2020-08-01,12:07:08,1
2020-08-01,12:12:36,1
2020-08-01,12:21:49,1
2020-08-01,12:31:03,1
2020-08-01,12:50:00,1
2020-08-01,13:00:00,1
2020-08-01,13:30:22,1
2020-08-01,14:00:00,1
2020-08-01,14:09:20,1
2020-08-01,14:28:00,1
2020-08-01,14:46:40,1
2020-08-01,15:00:00,1
2020-08-01,15:07:38,1
2020-08-01,15:22:54,1
2020-08-01,15:38:11,1
2020-08-01,16:00:00,1
2020-08-01,16:16:23,1
2020-08-01,16:49:09,1
2020-08-01,17:00:00,1
2020-08-01,17:28:56,1
2020-08-01,18:00:00,1
2020-08-01,18:26:54,1
2020-08-01,19:00:00,1
2020-08-01,19:25:16,1
2020-08-01,20:00:00,1
2020-08-01,20:22:13,1
2020-08-01,21:00:00,1
2020-08-01,21:01:02,1
2020-08-01,21:03:05,1
2020-08-01,21:06:51,1
2020-08-01,21:11:38,1
2020-08-01,21:18:27,1
2020-08-01,21:26:48,1
2020-08-01,21:38:37,1
2020-08-01,21:59:29,1
2020-08-01,22:00:00,1
2020-08-01,22:11:49,1
2020-08-01,22:35:26,1
2020-08-01,22:59:03,1
2020-08-01,23:00:00,1
2020-08-01,23:10:10,1
2020-08-01,23:30:29,1
2020-08-01,23:50:49,1
2020-09-01,00:00:00,1
